{
  "replace": false,
  "values": [
    {"id": "#minecraft:needs_stone_tool", "required": false},
    {"id": "#minecraft:anvil", "required": false},
    {"id": "#minecraft:cauldrons", "required": false},
    {"id": "#minecraft:rails", "required": false},
    {"id": "#minecraft:shulker_boxes", "required": false},
    {"id": "#minecraft:stone_buttons", "required": false},
    {"id": "#minecraft:walls", "required": false},
    "minecraft:amethyst_block",
    "minecraft:amethyst_cluster",
    "minecraft:andesite",
    "minecraft:andesite_slab",
    "minecraft:andesite_stairs",
    "minecraft:basalt",
    "minecraft:bell",
    "minecraft:black_concrete",
    "minecraft:black_glazed_terracotta",
    "minecraft:black_terracotta",
    "minecraft:blackstone",
    "minecraft:blackstone_slab",
    "minecraft:blackstone_stairs",
    "minecraft:blast_furnace",
    "minecraft:blue_concrete",
    "minecraft:blue_glazed_terracotta",
    "minecraft:blue_ice",
    "minecraft:blue_terracotta",
    "minecraft:bone_block",
    "minecraft:brain_coral_block",
    "minecraft:brewing_stand",
    "minecraft:brick_slab",
    "minecraft:brick_stairs",
    "minecraft:bricks",
    "minecraft:brown_concrete",
    "minecraft:brown_glazed_terracotta",
    "minecraft:brown_terracotta",
    "minecraft:bubble_coral_block",
    "minecraft:budding_amethyst",
    "minecraft:calcite",
    "minecraft:chain",
    "minecraft:chiseled_deepslate",
    "minecraft:chiseled_nether_bricks",
    "minecraft:chiseled_polished_blackstone",
    "minecraft:chiseled_quartz_block",
    "minecraft:chiseled_red_sandstone",
    "minecraft:chiseled_sandstone",
    "minecraft:chiseled_stone_bricks",
    "minecraft:coal_block",
    "minecraft:coal_ore",
    "minecraft:cobbled_deepslate",
    "minecraft:cobbled_deepslate_slab",
    "minecraft:cobbled_deepslate_stairs",
    "minecraft:cobblestone",
    "minecraft:cobblestone_slab",
    "minecraft:cobblestone_stairs",
    "minecraft:conduit",
    "minecraft:copper_block",
    "minecraft:copper_ore",
    "minecraft:cracked_deepslate_bricks",
    "minecraft:cracked_deepslate_tiles",
    "minecraft:cracked_nether_bricks",
    "minecraft:cracked_polished_blackstone_bricks",
    "minecraft:cracked_stone_bricks",
    "minecraft:crimson_nylium",
    "minecraft:cut_copper",
    "minecraft:cut_copper_slab",
    "minecraft:cut_copper_stairs",
    "minecraft:cut_red_sandstone",
    "minecraft:cut_red_sandstone_slab",
    "minecraft:cut_sandstone",
    "minecraft:cut_sandstone_slab",
    "minecraft:cyan_concrete",
    "minecraft:cyan_glazed_terracotta",
    "minecraft:cyan_terracotta",
    "minecraft:dark_prismarine",
    "minecraft:dark_prismarine_slab",
    "minecraft:dark_prismarine_stairs",
    "minecraft:dead_brain_coral",
    "minecraft:dead_brain_coral_block",
    "minecraft:dead_brain_coral_fan",
    "minecraft:dead_brain_coral_wall_fan",
    "minecraft:dead_bubble_coral",
    "minecraft:dead_bubble_coral_block",
    "minecraft:dead_bubble_coral_fan",
    "minecraft:dead_bubble_coral_wall_fan",
    "minecraft:dead_fire_coral",
    "minecraft:dead_fire_coral_block",
    "minecraft:dead_fire_coral_fan",
    "minecraft:dead_fire_coral_wall_fan",
    "minecraft:dead_horn_coral",
    "minecraft:dead_horn_coral_block",
    "minecraft:dead_horn_coral_fan",
    "minecraft:dead_horn_coral_wall_fan",
    "minecraft:dead_tube_coral",
    "minecraft:dead_tube_coral_block",
    "minecraft:dead_tube_coral_fan",
    "minecraft:dead_tube_coral_wall_fan",
    "minecraft:deepslate",
    "minecraft:deepslate_brick_slab",
    "minecraft:deepslate_brick_stairs",
    "minecraft:deepslate_bricks",
    "minecraft:deepslate_coal_ore",
    "minecraft:deepslate_copper_ore",
    "minecraft:deepslate_iron_ore",
    "minecraft:deepslate_lapis_ore",
    "minecraft:deepslate_tile_slab",
    "minecraft:deepslate_tile_stairs",
    "minecraft:deepslate_tiles",
    "minecraft:diorite",
    "minecraft:diorite_slab",
    "minecraft:diorite_stairs",
    "minecraft:dispenser",
    "minecraft:dripstone_block",
    "minecraft:dropper",
    "minecraft:enchanting_table",
    "minecraft:end_stone",
    "minecraft:end_stone_brick_slab",
    "minecraft:end_stone_brick_stairs",
    "minecraft:end_stone_bricks",
    "minecraft:ender_chest",
    "minecraft:exposed_copper",
    "minecraft:exposed_cut_copper",
    "minecraft:exposed_cut_copper_slab",
    "minecraft:exposed_cut_copper_stairs",
    "minecraft:fire_coral_block",
    "minecraft:furnace",
    "minecraft:gilded_blackstone",
    "minecraft:granite",
    "minecraft:granite_slab",
    "minecraft:granite_stairs",
    "minecraft:gray_concrete",
    "minecraft:gray_glazed_terracotta",
    "minecraft:gray_terracotta",
    "minecraft:green_concrete",
    "minecraft:green_glazed_terracotta",
    "minecraft:green_terracotta",
    "minecraft:grindstone",
    "minecraft:heavy_weighted_pressure_plate",
    "minecraft:hopper",
    "minecraft:horn_coral_block",
    "minecraft:ice",
    "minecraft:infested_chiseled_stone_bricks",
    "minecraft:infested_cobblestone",
    "minecraft:infested_cracked_stone_bricks",
    "minecraft:infested_deepslate",
    "minecraft:infested_mossy_stone_bricks",
    "minecraft:infested_stone",
    "minecraft:infested_stone_bricks",
    "minecraft:iron_bars",
    "minecraft:iron_block",
    "minecraft:iron_door",
    "minecraft:iron_ore",
    "minecraft:iron_trapdoor",
    "minecraft:lantern",
    "minecraft:lapis_block",
    "minecraft:lapis_ore",
    "minecraft:large_amethyst_bud",
    "minecraft:light_blue_concrete",
    "minecraft:light_blue_glazed_terracotta",
    "minecraft:light_blue_terracotta",
    "minecraft:light_gray_concrete",
    "minecraft:light_gray_glazed_terracotta",
    "minecraft:light_gray_terracotta",
    "minecraft:light_weighted_pressure_plate",
    "minecraft:lightning_rod",
    "minecraft:lime_concrete",
    "minecraft:lime_glazed_terracotta",
    "minecraft:lime_terracotta",
    "minecraft:lodestone",
    "minecraft:magenta_concrete",
    "minecraft:magenta_glazed_terracotta",
    "minecraft:magenta_terracotta",
    "minecraft:magma_block",
    "minecraft:medium_amethyst_bud",
    "minecraft:mossy_cobblestone",
    "minecraft:mossy_cobblestone_slab",
    "minecraft:mossy_cobblestone_stairs",
    "minecraft:mossy_stone_brick_slab",
    "minecraft:mossy_stone_brick_stairs",
    "minecraft:mossy_stone_bricks",
    "minecraft:mud_brick_slab",
    "minecraft:mud_brick_stairs",
    "minecraft:mud_bricks",
    "minecraft:nether_brick_fence",
    "minecraft:nether_brick_slab",
    "minecraft:nether_brick_stairs",
    "minecraft:nether_bricks",
    "minecraft:nether_gold_ore",
    "minecraft:nether_quartz_ore",
    "minecraft:netherrack",
    "minecraft:observer",
    "minecraft:orange_concrete",
    "minecraft:orange_glazed_terracotta",
    "minecraft:orange_terracotta",
    "minecraft:oxidized_copper",
    "minecraft:oxidized_cut_copper",
    "minecraft:oxidized_cut_copper_slab",
    "minecraft:oxidized_cut_copper_stairs",
    "minecraft:packed_ice",
    "minecraft:packed_mud",
    "minecraft:petrified_oak_slab",
    "minecraft:pink_concrete",
    "minecraft:pink_glazed_terracotta",
    "minecraft:pink_terracotta",
    "minecraft:piston",
    "minecraft:piston_head",
    "minecraft:pointed_dripstone",
    "minecraft:polished_andesite",
    "minecraft:polished_andesite_slab",
    "minecraft:polished_andesite_stairs",
    "minecraft:polished_basalt",
    "minecraft:polished_blackstone",
    "minecraft:polished_blackstone_brick_slab",
    "minecraft:polished_blackstone_brick_stairs",
    "minecraft:polished_blackstone_bricks",
    "minecraft:polished_blackstone_pressure_plate",
    "minecraft:polished_blackstone_slab",
    "minecraft:polished_blackstone_stairs",
    "minecraft:polished_deepslate",
    "minecraft:polished_deepslate_slab",
    "minecraft:polished_deepslate_stairs",
    "minecraft:polished_diorite",
    "minecraft:polished_diorite_slab",
    "minecraft:polished_diorite_stairs",
    "minecraft:polished_granite",
    "minecraft:polished_granite_slab",
    "minecraft:polished_granite_stairs",
    "minecraft:prismarine",
    "minecraft:prismarine_brick_slab",
    "minecraft:prismarine_brick_stairs",
    "minecraft:prismarine_bricks",
    "minecraft:prismarine_slab",
    "minecraft:prismarine_stairs",
    "minecraft:purple_concrete",
    "minecraft:purple_glazed_terracotta",
    "minecraft:purple_terracotta",
    "minecraft:purpur_block",
    "minecraft:purpur_pillar",
    "minecraft:purpur_slab",
    "minecraft:purpur_stairs",
    "minecraft:quartz_block",
    "minecraft:quartz_bricks",
    "minecraft:quartz_pillar",
    "minecraft:quartz_slab",
    "minecraft:quartz_stairs",
    "minecraft:raw_copper_block",
    "minecraft:raw_iron_block",
    "minecraft:red_concrete",
    "minecraft:red_glazed_terracotta",
    "minecraft:red_nether_brick_slab",
    "minecraft:red_nether_brick_stairs",
    "minecraft:red_nether_bricks",
    "minecraft:red_sandstone",
    "minecraft:red_sandstone_slab",
    "minecraft:red_sandstone_stairs",
    "minecraft:red_terracotta",
    "minecraft:redstone_block",
    "minecraft:sandstone",
    "minecraft:sandstone_slab",
    "minecraft:sandstone_stairs",
    "minecraft:small_amethyst_bud",
    "minecraft:smoker",
    "minecraft:smooth_basalt",
    "minecraft:smooth_quartz",
    "minecraft:smooth_quartz_slab",
    "minecraft:smooth_quartz_stairs",
    "minecraft:smooth_red_sandstone",
    "minecraft:smooth_red_sandstone_slab",
    "minecraft:smooth_red_sandstone_stairs",
    "minecraft:smooth_sandstone",
    "minecraft:smooth_sandstone_slab",
    "minecraft:smooth_sandstone_stairs",
    "minecraft:smooth_stone",
    "minecraft:smooth_stone_slab",
    "minecraft:soul_lantern",
    "minecraft:spawner",
    "minecraft:sticky_piston",
    "minecraft:stone",
    "minecraft:stone_brick_slab",
    "minecraft:stone_brick_stairs",
    "minecraft:stone_bricks",
    "minecraft:stone_pressure_plate",
    "minecraft:stone_slab",
    "minecraft:stone_stairs",
    "minecraft:stonecutter",
    "minecraft:terracotta",
    "minecraft:tube_coral_block",
    "minecraft:tuff",
    "minecraft:warped_nylium",
    "minecraft:waxed_copper_block",
    "minecraft:waxed_cut_copper",
    "minecraft:waxed_cut_copper_slab",
    "minecraft:waxed_cut_copper_stairs",
    "minecraft:waxed_exposed_copper",
    "minecraft:waxed_exposed_cut_copper",
    "minecraft:waxed_exposed_cut_copper_slab",
    "minecraft:waxed_exposed_cut_copper_stairs",
    "minecraft:waxed_oxidized_copper",
    "minecraft:waxed_oxidized_cut_copper",
    "minecraft:waxed_oxidized_cut_copper_slab",
    "minecraft:waxed_oxidized_cut_copper_stairs",
    "minecraft:waxed_weathered_copper",
    "minecraft:waxed_weathered_cut_copper",
    "minecraft:waxed_weathered_cut_copper_slab",
    "minecraft:waxed_weathered_cut_copper_stairs",
    "minecraft:weathered_copper",
    "minecraft:weathered_cut_copper",
    "minecraft:weathered_cut_copper_slab",
    "minecraft:weathered_cut_copper_stairs",
    "minecraft:white_concrete",
    "minecraft:white_glazed_terracotta",
    "minecraft:white_terracotta",
    "minecraft:yellow_concrete",
    "minecraft:yellow_glazed_terracotta",
    "minecraft:yellow_terracotta",
    {"id": "minecraft:chiseled_copper", "required": false},
    {"id": "minecraft:chiseled_tuff", "required": false},
    {"id": "minecraft:chiseled_tuff_bricks", "required": false},
    {"id": "minecraft:copper_bulb", "required": false},
    {"id": "minecraft:copper_door", "required": false},
    {"id": "minecraft:copper_grate", "required": false},
    {"id": "minecraft:copper_trapdoor", "required": false},
    {"id": "minecraft:crafter", "required": false},
    {"id": "minecraft:exposed_chiseled_copper", "required": false},
    {"id": "minecraft:exposed_copper_bulb", "required": false},
    {"id": "minecraft:exposed_copper_door", "required": false},
    {"id": "minecraft:exposed_copper_grate", "required": false},
    {"id": "minecraft:exposed_copper_trapdoor", "required": false},
    {"id": "minecraft:heavy_core", "required": false},
    {"id": "minecraft:oxidized_chiseled_copper", "required": false},
    {"id": "minecraft:oxidized_copper_bulb", "required": false},
    {"id": "minecraft:oxidized_copper_door", "required": false},
    {"id": "minecraft:oxidized_copper_grate", "required": false},
    {"id": "minecraft:oxidized_copper_trapdoor", "required": false},
    {"id": "minecraft:polished_tuff", "required": false},
    {"id": "minecraft:polished_tuff_slab", "required": false},
    {"id": "minecraft:polished_tuff_stairs", "required": false},
    {"id": "minecraft:polished_tuff_wall", "required": false},
    {"id": "minecraft:tuff_brick_slab", "required": false},
    {"id": "minecraft:tuff_brick_stairs", "required": false},
    {"id": "minecraft:tuff_brick_wall", "required": false},
    {"id": "minecraft:tuff_bricks", "required": false},
    {"id": "minecraft:tuff_slab", "required": false},
    {"id": "minecraft:tuff_stairs", "required": false},
    {"id": "minecraft:tuff_wall", "required": false},
    {"id": "minecraft:waxed_chiseled_copper", "required": false},
    {"id": "minecraft:waxed_copper_bulb", "required": false},
    {"id": "minecraft:waxed_copper_door", "required": false},
    {"id": "minecraft:waxed_copper_grate", "required": false},
    {"id": "minecraft:waxed_copper_trapdoor", "required": false},
    {"id": "minecraft:waxed_exposed_chiseled_copper", "required": false},
    {"id": "minecraft:waxed_exposed_copper_bulb", "required": false},
    {"id": "minecraft:waxed_exposed_copper_door", "required": false},
    {"id": "minecraft:waxed_exposed_copper_grate", "required": false},
    {"id": "minecraft:waxed_exposed_copper_trapdoor", "required": false},
    {"id": "minecraft:waxed_oxidized_chiseled_copper", "required": false},
    {"id": "minecraft:waxed_oxidized_copper_bulb", "required": false},
    {"id": "minecraft:waxed_oxidized_copper_door", "required": false},
    {"id": "minecraft:waxed_oxidized_copper_grate", "required": false},
    {"id": "minecraft:waxed_oxidized_copper_trapdoor", "required": false},
    {"id": "minecraft:waxed_weathered_chiseled_copper", "required": false},
    {"id": "minecraft:waxed_weathered_copper_bulb", "required": false},
    {"id": "minecraft:waxed_weathered_copper_door", "required": false},
    {"id": "minecraft:waxed_weathered_copper_grate", "required": false},
    {"id": "minecraft:waxed_weathered_copper_trapdoor", "required": false},
    {"id": "minecraft:weathered_chiseled_copper", "required": false},
    {"id": "minecraft:weathered_copper_bulb", "required": false},
    {"id": "minecraft:weathered_copper_door", "required": false},
    {"id": "minecraft:weathered_copper_grate", "required": false},
    {"id": "minecraft:weathered_copper_trapdoor", "required": false},
    {"id": "betternether:bar_stool_cincinnasite", "required": false},
    {"id": "betternether:basalt_bricks", "required": false},
    {"id": "betternether:basalt_bricks_slab", "required": false},
    {"id": "betternether:basalt_bricks_stairs", "required": false},
    {"id": "betternether:basalt_bricks_wall", "required": false},
    {"id": "betternether:basalt_furnace", "required": false},
    {"id": "betternether:basalt_slab", "required": false},
    {"id": "betternether:basalt_stalactite", "required": false},
    {"id": "betternether:blackstone_furnace", "required": false},
    {"id": "betternether:blackstone_stalactite", "required": false},
    {"id": "betternether:blue_crying_obsidian", "required": false},
    {"id": "betternether:blue_obsidian", "required": false},
    {"id": "betternether:blue_obsidian_bricks", "required": false},
    {"id": "betternether:blue_obsidian_bricks_slab", "required": false},
    {"id": "betternether:blue_obsidian_bricks_stairs", "required": false},
    {"id": "betternether:blue_obsidian_glass", "required": false},
    {"id": "betternether:blue_obsidian_glass_pane", "required": false},
    {"id": "betternether:blue_obsidian_rod_tiles", "required": false},
    {"id": "betternether:blue_obsidian_tile", "required": false},
    {"id": "betternether:blue_obsidian_tile_slab", "required": false},
    {"id": "betternether:blue_obsidian_tile_small", "required": false},
    {"id": "betternether:blue_obsidian_tile_stairs", "required": false},
    {"id": "betternether:blue_weeping_obsidian", "required": false},
    {"id": "betternether:bone_block", "required": false},
    {"id": "betternether:bone_slab", "required": false},
    {"id": "betternether:bone_stairs", "required": false},
    {"id": "betternether:bone_stalactite", "required": false},
    {"id": "betternether:bone_tile", "required": false},
    {"id": "betternether:bone_wall", "required": false},
    {"id": "betternether:brick_pot", "required": false},
    {"id": "betternether:bricks_fire_bowl", "required": false},
    {"id": "betternether:bricks_fire_bowl_soul", "required": false},
    {"id": "betternether:ceiling_mushrooms", "required": false},
    {"id": "betternether:chair_cincinnasite", "required": false},
    {"id": "betternether:chest_of_drawers", "required": false},
    {"id": "betternether:cincinnasite_anvil", "required": false},
    {"id": "betternether:cincinnasite_bars", "required": false},
    {"id": "betternether:cincinnasite_block", "required": false},
    {"id": "betternether:cincinnasite_brick_plate", "required": false},
    {"id": "betternether:cincinnasite_bricks", "required": false},
    {"id": "betternether:cincinnasite_bricks_pillar", "required": false},
    {"id": "betternether:cincinnasite_button", "required": false},
    {"id": "betternether:cincinnasite_carved", "required": false},
    {"id": "betternether:cincinnasite_chain", "required": false},
    {"id": "betternether:cincinnasite_fire_bowl", "required": false},
    {"id": "betternether:cincinnasite_fire_bowl_soul", "required": false},
    {"id": "betternether:cincinnasite_forge", "required": false},
    {"id": "betternether:cincinnasite_forged", "required": false},
    {"id": "betternether:cincinnasite_frame", "required": false},
    {"id": "betternether:cincinnasite_lantern", "required": false},
    {"id": "betternether:cincinnasite_lantern_small", "required": false},
    {"id": "betternether:cincinnasite_pedestal", "required": false},
    {"id": "betternether:cincinnasite_pillar", "required": false},
    {"id": "betternether:cincinnasite_plate", "required": false},
    {"id": "betternether:cincinnasite_pot", "required": false},
    {"id": "betternether:cincinnasite_slab", "required": false},
    {"id": "betternether:cincinnasite_stairs", "required": false},
    {"id": "betternether:cincinnasite_tile_large", "required": false},
    {"id": "betternether:cincinnasite_tile_small", "required": false},
    {"id": "betternether:cincinnasite_wall", "required": false},
    {"id": "betternether:geyser", "required": false},
    {"id": "betternether:glowstone_stalactite", "required": false},
    {"id": "betternether:jungle_grass", "required": false},
    {"id": "betternether:mushroom_grass", "required": false},
    {"id": "betternether:nether_brewing_stand", "required": false},
    {"id": "betternether:nether_brick_tile_large", "required": false},
    {"id": "betternether:nether_brick_tile_slab", "required": false},
    {"id": "betternether:nether_brick_tile_small", "required": false},
    {"id": "betternether:nether_brick_tile_stairs", "required": false},
    {"id": "betternether:nether_brick_wall", "required": false},
    {"id": "betternether:nether_mycelium", "required": false},
    {"id": "betternether:nether_redstone_ore", "required": false},
    {"id": "betternether:nether_ruby_block", "required": false},
    {"id": "betternether:nether_ruby_slab", "required": false},
    {"id": "betternether:nether_ruby_stairs", "required": false},
    {"id": "betternether:netherite_fire_bowl", "required": false},
    {"id": "betternether:netherite_fire_bowl_soul", "required": false},
    {"id": "betternether:netherrack_furnace", "required": false},
    {"id": "betternether:netherrack_moss", "required": false},
    {"id": "betternether:netherrack_stalactite", "required": false},
    {"id": "betternether:obsidian_bricks", "required": false},
    {"id": "betternether:obsidian_bricks_slab", "required": false},
    {"id": "betternether:obsidian_bricks_stairs", "required": false},
    {"id": "betternether:obsidian_glass", "required": false},
    {"id": "betternether:obsidian_glass_pane", "required": false},
    {"id": "betternether:obsidian_rod_tiles", "required": false},
    {"id": "betternether:obsidian_tile", "required": false},
    {"id": "betternether:obsidian_tile_slab", "required": false},
    {"id": "betternether:obsidian_tile_small", "required": false},
    {"id": "betternether:obsidian_tile_stairs", "required": false},
    {"id": "betternether:pig_statue_respawner", "required": false},
    {"id": "betternether:quartz_glass", "required": false},
    {"id": "betternether:quartz_glass_black", "required": false},
    {"id": "betternether:quartz_glass_blue", "required": false},
    {"id": "betternether:quartz_glass_brown", "required": false},
    {"id": "betternether:quartz_glass_cyan", "required": false},
    {"id": "betternether:quartz_glass_framed", "required": false},
    {"id": "betternether:quartz_glass_framed_black", "required": false},
    {"id": "betternether:quartz_glass_framed_blue", "required": false},
    {"id": "betternether:quartz_glass_framed_brown", "required": false},
    {"id": "betternether:quartz_glass_framed_cyan", "required": false},
    {"id": "betternether:quartz_glass_framed_gray", "required": false},
    {"id": "betternether:quartz_glass_framed_green", "required": false},
    {"id": "betternether:quartz_glass_framed_light_blue", "required": false},
    {"id": "betternether:quartz_glass_framed_light_gray", "required": false},
    {"id": "betternether:quartz_glass_framed_lime", "required": false},
    {"id": "betternether:quartz_glass_framed_magenta", "required": false},
    {"id": "betternether:quartz_glass_framed_orange", "required": false},
    {"id": "betternether:quartz_glass_framed_pane", "required": false},
    {"id": "betternether:quartz_glass_framed_pane_black", "required": false},
    {"id": "betternether:quartz_glass_framed_pane_blue", "required": false},
    {"id": "betternether:quartz_glass_framed_pane_brown", "required": false},
    {"id": "betternether:quartz_glass_framed_pane_cyan", "required": false},
    {"id": "betternether:quartz_glass_framed_pane_gray", "required": false},
    {"id": "betternether:quartz_glass_framed_pane_green", "required": false},
    {"id": "betternether:quartz_glass_framed_pane_light_blue", "required": false},
    {"id": "betternether:quartz_glass_framed_pane_light_gray", "required": false},
    {"id": "betternether:quartz_glass_framed_pane_lime", "required": false},
    {"id": "betternether:quartz_glass_framed_pane_magenta", "required": false},
    {"id": "betternether:quartz_glass_framed_pane_orange", "required": false},
    {"id": "betternether:quartz_glass_framed_pane_pink", "required": false},
    {"id": "betternether:quartz_glass_framed_pane_purple", "required": false},
    {"id": "betternether:quartz_glass_framed_pane_red", "required": false},
    {"id": "betternether:quartz_glass_framed_pane_white", "required": false},
    {"id": "betternether:quartz_glass_framed_pane_yellow", "required": false},
    {"id": "betternether:quartz_glass_framed_pink", "required": false},
    {"id": "betternether:quartz_glass_framed_purple", "required": false},
    {"id": "betternether:quartz_glass_framed_red", "required": false},
    {"id": "betternether:quartz_glass_framed_white", "required": false},
    {"id": "betternether:quartz_glass_framed_yellow", "required": false},
    {"id": "betternether:quartz_glass_gray", "required": false},
    {"id": "betternether:quartz_glass_green", "required": false},
    {"id": "betternether:quartz_glass_light_blue", "required": false},
    {"id": "betternether:quartz_glass_light_gray", "required": false},
    {"id": "betternether:quartz_glass_lime", "required": false},
    {"id": "betternether:quartz_glass_magenta", "required": false},
    {"id": "betternether:quartz_glass_orange", "required": false},
    {"id": "betternether:quartz_glass_pane", "required": false},
    {"id": "betternether:quartz_glass_pane_black", "required": false},
    {"id": "betternether:quartz_glass_pane_blue", "required": false},
    {"id": "betternether:quartz_glass_pane_brown", "required": false},
    {"id": "betternether:quartz_glass_pane_cyan", "required": false},
    {"id": "betternether:quartz_glass_pane_gray", "required": false},
    {"id": "betternether:quartz_glass_pane_green", "required": false},
    {"id": "betternether:quartz_glass_pane_light_blue", "required": false},
    {"id": "betternether:quartz_glass_pane_light_gray", "required": false},
    {"id": "betternether:quartz_glass_pane_lime", "required": false},
    {"id": "betternether:quartz_glass_pane_magenta", "required": false},
    {"id": "betternether:quartz_glass_pane_orange", "required": false},
    {"id": "betternether:quartz_glass_pane_pink", "required": false},
    {"id": "betternether:quartz_glass_pane_purple", "required": false},
    {"id": "betternether:quartz_glass_pane_red", "required": false},
    {"id": "betternether:quartz_glass_pane_white", "required": false},
    {"id": "betternether:quartz_glass_pane_yellow", "required": false},
    {"id": "betternether:quartz_glass_pink", "required": false},
    {"id": "betternether:quartz_glass_purple", "required": false},
    {"id": "betternether:quartz_glass_red", "required": false},
    {"id": "betternether:quartz_glass_white", "required": false},
    {"id": "betternether:quartz_glass_yellow", "required": false},
    {"id": "betternether:roof_tile_cincinnasite", "required": false},
    {"id": "betternether:roof_tile_cincinnasite_slab", "required": false},
    {"id": "betternether:roof_tile_cincinnasite_stairs", "required": false},
    {"id": "betternether:roof_tile_nether_bricks", "required": false},
    {"id": "betternether:roof_tile_nether_bricks_slab", "required": false},
    {"id": "betternether:roof_tile_nether_bricks_stairs", "required": false},
    {"id": "betternether:sepia_mushroom_grass", "required": false},
    {"id": "betternether:soul_sandstone", "required": false},
    {"id": "betternether:soul_sandstone_chiseled", "required": false},
    {"id": "betternether:soul_sandstone_cut", "required": false},
    {"id": "betternether:soul_sandstone_cut_slab", "required": false},
    {"id": "betternether:soul_sandstone_cut_stairs", "required": false},
    {"id": "betternether:soul_sandstone_slab", "required": false},
    {"id": "betternether:soul_sandstone_smooth", "required": false},
    {"id": "betternether:soul_sandstone_smooth_slab", "required": false},
    {"id": "betternether:soul_sandstone_smooth_stairs", "required": false},
    {"id": "betternether:soul_sandstone_stairs", "required": false},
    {"id": "betternether:soul_sandstone_wall", "required": false},
    {"id": "betternether:swampland_grass", "required": false},
    {"id": "betternether:taburet_cincinnasite", "required": false},
    {"id": "betternether:weeping_obsidian", "required": false},
        {"id": "betterend:aeternium_anvil", "required": false},
    {"id": "betterend:aeternium_block", "required": false},
    {"id": "betterend:amber_block", "required": false},
    {"id": "betterend:amber_moss", "required": false},
    {"id": "betterend:amber_moss_path", "required": false},
    {"id": "betterend:amber_ore", "required": false},
    {"id": "betterend:ancient_emerald_ice", "required": false},
    {"id": "betterend:andesite_pedestal", "required": false},
    {"id": "betterend:aurora_crystal", "required": false},
    {"id": "betterend:azure_jadestone", "required": false},
    {"id": "betterend:azure_jadestone_bricks", "required": false},
    {"id": "betterend:azure_jadestone_bricks_slab", "required": false},
    {"id": "betterend:azure_jadestone_bricks_stairs", "required": false},
    {"id": "betterend:azure_jadestone_bricks_wall", "required": false},
    {"id": "betterend:azure_jadestone_button", "required": false},
    {"id": "betterend:azure_jadestone_flower_pot", "required": false},
    {"id": "betterend:azure_jadestone_furnace", "required": false},
    {"id": "betterend:azure_jadestone_pedestal", "required": false},
    {"id": "betterend:azure_jadestone_pillar", "required": false},
    {"id": "betterend:azure_jadestone_plate", "required": false},
    {"id": "betterend:azure_jadestone_polished", "required": false},
    {"id": "betterend:azure_jadestone_slab", "required": false},
    {"id": "betterend:azure_jadestone_stairs", "required": false},
    {"id": "betterend:azure_jadestone_tiles", "required": false},
    {"id": "betterend:azure_jadestone_wall", "required": false},
    {"id": "betterend:brimstone", "required": false},
    {"id": "betterend:budding_smaragdant_crystal", "required": false},
    {"id": "betterend:cave_moss", "required": false},
    {"id": "betterend:cave_moss_path", "required": false},
    {"id": "betterend:charcoal_block", "required": false},
    {"id": "betterend:chorus_nylium", "required": false},
    {"id": "betterend:chorus_nylium_path", "required": false},
    {"id": "betterend:crystal_moss", "required": false},
    {"id": "betterend:crystal_moss_path", "required": false},
    {"id": "betterend:dense_emerald_ice", "required": false},
    {"id": "betterend:diorite_pedestal", "required": false},
    {"id": "betterend:emerald_ice", "required": false},
    {"id": "betterend:end_moss", "required": false},
    {"id": "betterend:end_moss_path", "required": false},
    {"id": "betterend:end_mycelium", "required": false},
    {"id": "betterend:end_mycelium_path", "required": false},
    {"id": "betterend:end_stone_brick_cracked", "required": false},
    {"id": "betterend:end_stone_brick_cracked_slab", "required": false},
    {"id": "betterend:end_stone_brick_cracked_stairs", "required": false},
    {"id": "betterend:end_stone_brick_cracked_wall", "required": false},
    {"id": "betterend:end_stone_brick_weathered", "required": false},
    {"id": "betterend:end_stone_brick_weathered_slab", "required": false},
    {"id": "betterend:end_stone_brick_weathered_stairs", "required": false},
    {"id": "betterend:end_stone_brick_weathered_wall", "required": false},
    {"id": "betterend:end_stone_furnace", "required": false},
    {"id": "betterend:end_stone_smelter", "required": false},
    {"id": "betterend:end_stone_stalactite", "required": false},
    {"id": "betterend:end_stone_stalactite_cavemoss", "required": false},
    {"id": "betterend:ender_block", "required": false},
    {"id": "betterend:ender_ore", "required": false},
    {"id": "betterend:endstone_flower_pot", "required": false},
    {"id": "betterend:eternal_pedestal", "required": false},
    {"id": "betterend:flavolite", "required": false},
    {"id": "betterend:flavolite_bricks", "required": false},
    {"id": "betterend:flavolite_bricks_slab", "required": false},
    {"id": "betterend:flavolite_bricks_stairs", "required": false},
    {"id": "betterend:flavolite_bricks_wall", "required": false},
    {"id": "betterend:flavolite_button", "required": false},
    {"id": "betterend:flavolite_flower_pot", "required": false},
    {"id": "betterend:flavolite_furnace", "required": false},
    {"id": "betterend:flavolite_pedestal", "required": false},
    {"id": "betterend:flavolite_pillar", "required": false},
    {"id": "betterend:flavolite_plate", "required": false},
    {"id": "betterend:flavolite_polished", "required": false},
    {"id": "betterend:flavolite_runed", "required": false},
    {"id": "betterend:flavolite_runed_eternal", "required": false},
    {"id": "betterend:flavolite_slab", "required": false},
    {"id": "betterend:flavolite_stairs", "required": false},
    {"id": "betterend:flavolite_tiles", "required": false},
    {"id": "betterend:flavolite_wall", "required": false},
    {"id": "betterend:gold_chandelier", "required": false},
    {"id": "betterend:granite_pedestal", "required": false},
    {"id": "betterend:hydrothermal_vent", "required": false},
    {"id": "betterend:infusion_pedestal", "required": false},
    {"id": "betterend:iron_chandelier", "required": false},
    {"id": "betterend:jungle_moss", "required": false},
    {"id": "betterend:jungle_moss_path", "required": false},
    {"id": "betterend:missing_tile", "required": false},
    {"id": "betterend:mossy_dragon_bone", "required": false},
    {"id": "betterend:mossy_obsidian", "required": false},
    {"id": "betterend:pallidium_full", "required": false},
    {"id": "betterend:pallidium_heavy", "required": false},
    {"id": "betterend:pallidium_thin", "required": false},
    {"id": "betterend:pallidium_tiny", "required": false},
    {"id": "betterend:pink_moss", "required": false},
    {"id": "betterend:pink_moss_path", "required": false},
    {"id": "betterend:purpur_pedestal", "required": false},
    {"id": "betterend:quartz_pedestal", "required": false},
    {"id": "betterend:respawn_obelisk", "required": false},
    {"id": "betterend:rutiscus", "required": false},
    {"id": "betterend:rutiscus_path", "required": false},
    {"id": "betterend:sandy_jadestone", "required": false},
    {"id": "betterend:sandy_jadestone_bricks", "required": false},
    {"id": "betterend:sandy_jadestone_bricks_slab", "required": false},
    {"id": "betterend:sandy_jadestone_bricks_stairs", "required": false},
    {"id": "betterend:sandy_jadestone_bricks_wall", "required": false},
    {"id": "betterend:sandy_jadestone_button", "required": false},
    {"id": "betterend:sandy_jadestone_flower_pot", "required": false},
    {"id": "betterend:sandy_jadestone_furnace", "required": false},
    {"id": "betterend:sandy_jadestone_pedestal", "required": false},
    {"id": "betterend:sandy_jadestone_pillar", "required": false},
    {"id": "betterend:sandy_jadestone_plate", "required": false},
    {"id": "betterend:sandy_jadestone_polished", "required": false},
    {"id": "betterend:sandy_jadestone_slab", "required": false},
    {"id": "betterend:sandy_jadestone_stairs", "required": false},
    {"id": "betterend:sandy_jadestone_tiles", "required": false},
    {"id": "betterend:sandy_jadestone_wall", "required": false},
    {"id": "betterend:sangnum", "required": false},
    {"id": "betterend:sangnum_path", "required": false},
    {"id": "betterend:shadow_grass", "required": false},
    {"id": "betterend:shadow_grass_path", "required": false},
    {"id": "betterend:smaragdant_crystal", "required": false},
    {"id": "betterend:smaragdant_crystal_bricks_slab", "required": false},
    {"id": "betterend:smaragdant_crystal_bricks_stairs", "required": false},
    {"id": "betterend:smaragdant_crystal_bricks_wall", "required": false},
    {"id": "betterend:smaragdant_crystal_pedestal", "required": false},
    {"id": "betterend:smaragdant_crystal_shard", "required": false},
    {"id": "betterend:smaragdant_crystal_slab", "required": false},
    {"id": "betterend:smaragdant_crystal_stairs", "required": false},
    {"id": "betterend:smaragdant_crystal_wall", "required": false},
    {"id": "betterend:sulphur_crystal", "required": false},
    {"id": "betterend:sulphuric_rock", "required": false},
    {"id": "betterend:sulphuric_rock_bricks", "required": false},
    {"id": "betterend:sulphuric_rock_bricks_slab", "required": false},
    {"id": "betterend:sulphuric_rock_bricks_stairs", "required": false},
    {"id": "betterend:sulphuric_rock_bricks_wall", "required": false},
    {"id": "betterend:sulphuric_rock_button", "required": false},
    {"id": "betterend:sulphuric_rock_flower_pot", "required": false},
    {"id": "betterend:sulphuric_rock_furnace", "required": false},
    {"id": "betterend:sulphuric_rock_pedestal", "required": false},
    {"id": "betterend:sulphuric_rock_pillar", "required": false},
    {"id": "betterend:sulphuric_rock_plate", "required": false},
    {"id": "betterend:sulphuric_rock_polished", "required": false},
    {"id": "betterend:sulphuric_rock_slab", "required": false},
    {"id": "betterend:sulphuric_rock_stairs", "required": false},
    {"id": "betterend:sulphuric_rock_tiles", "required": false},
    {"id": "betterend:sulphuric_rock_wall", "required": false},
    {"id": "betterend:terminite_anvil", "required": false},
    {"id": "betterend:terminite_bars", "required": false},
    {"id": "betterend:terminite_block", "required": false},
    {"id": "betterend:terminite_chain", "required": false},
    {"id": "betterend:terminite_chandelier", "required": false},
    {"id": "betterend:terminite_door", "required": false},
    {"id": "betterend:terminite_slab", "required": false},
    {"id": "betterend:terminite_stairs", "required": false},
    {"id": "betterend:terminite_tile", "required": false},
    {"id": "betterend:terminite_trapdoor", "required": false},
    {"id": "betterend:thallasium_anvil", "required": false},
    {"id": "betterend:thallasium_bars", "required": false},
    {"id": "betterend:thallasium_block", "required": false},
    {"id": "betterend:thallasium_chain", "required": false},
    {"id": "betterend:thallasium_chandelier", "required": false},
    {"id": "betterend:thallasium_door", "required": false},
    {"id": "betterend:thallasium_ore", "required": false},
    {"id": "betterend:thallasium_slab", "required": false},
    {"id": "betterend:thallasium_stairs", "required": false},
    {"id": "betterend:thallasium_tile", "required": false},
    {"id": "betterend:thallasium_trapdoor", "required": false},
    {"id": "betterend:umbralith", "required": false},
    {"id": "betterend:umbralith_bricks", "required": false},
    {"id": "betterend:umbralith_bricks_slab", "required": false},
    {"id": "betterend:umbralith_bricks_stairs", "required": false},
    {"id": "betterend:umbralith_bricks_wall", "required": false},
    {"id": "betterend:umbralith_button", "required": false},
    {"id": "betterend:umbralith_flower_pot", "required": false},
    {"id": "betterend:umbralith_furnace", "required": false},
    {"id": "betterend:umbralith_pedestal", "required": false},
    {"id": "betterend:umbralith_pillar", "required": false},
    {"id": "betterend:umbralith_plate", "required": false},
    {"id": "betterend:umbralith_polished", "required": false},
    {"id": "betterend:umbralith_slab", "required": false},
    {"id": "betterend:umbralith_stairs", "required": false},
    {"id": "betterend:umbralith_tiles", "required": false},
    {"id": "betterend:umbralith_wall", "required": false},
    {"id": "betterend:violecite", "required": false},
    {"id": "betterend:violecite_bricks", "required": false},
    {"id": "betterend:violecite_bricks_slab", "required": false},
    {"id": "betterend:violecite_bricks_stairs", "required": false},
    {"id": "betterend:violecite_bricks_wall", "required": false},
    {"id": "betterend:violecite_button", "required": false},
    {"id": "betterend:violecite_flower_pot", "required": false},
    {"id": "betterend:violecite_furnace", "required": false},
    {"id": "betterend:violecite_pedestal", "required": false},
    {"id": "betterend:violecite_pillar", "required": false},
    {"id": "betterend:violecite_plate", "required": false},
    {"id": "betterend:violecite_polished", "required": false},
    {"id": "betterend:violecite_slab", "required": false},
    {"id": "betterend:violecite_stairs", "required": false},
    {"id": "betterend:violecite_tiles", "required": false},
    {"id": "betterend:violecite_wall", "required": false},
    {"id": "betterend:virid_jadestone", "required": false},
    {"id": "betterend:virid_jadestone_bricks", "required": false},
    {"id": "betterend:virid_jadestone_bricks_slab", "required": false},
    {"id": "betterend:virid_jadestone_bricks_stairs", "required": false},
    {"id": "betterend:virid_jadestone_bricks_wall", "required": false},
    {"id": "betterend:virid_jadestone_button", "required": false},
    {"id": "betterend:virid_jadestone_flower_pot", "required": false},
    {"id": "betterend:virid_jadestone_furnace", "required": false},
    {"id": "betterend:virid_jadestone_pedestal", "required": false},
    {"id": "betterend:virid_jadestone_pillar", "required": false},
    {"id": "betterend:virid_jadestone_plate", "required": false},
    {"id": "betterend:virid_jadestone_polished", "required": false},
    {"id": "betterend:virid_jadestone_slab", "required": false},
    {"id": "betterend:virid_jadestone_stairs", "required": false},
    {"id": "betterend:virid_jadestone_tiles", "required": false},
    {"id": "betterend:virid_jadestone_wall", "required": false}
  ]
}