{
	"hidden": true,
	"type": "origins:resource",
    "min": 0,
    "max": 9,
	"start_value": 2,
    "hud_render": {
        "should_render": true,
		"sprite_location": "davwyndragon:textures/resource_bar_5.png",
		"bar_index": 2,
		"condition":{
			"type": "origins:and",
			"conditions": [
				{
					"type": "origins:resource",
					"resource": "davwyndragon:option_toggle",
					"comparison": "==",
					"compare_to": 1
				},
				{
					"type": "origins:resource",
					"resource": "davwyndragon:skill_upgrade_toggle_menu",
					"comparison": "==",
					"compare_to": 3
				}
			]
		}
	}
}
