{
	"hidden": true,
	"type": "origins:resource",
    "min": 0,
    "max": 7,
    "hud_render": {
        "should_render": true,
		"sprite_location": "davwyndragon:textures/resource_bar_6.png",
		"bar_index": 2,
		"condition":{
			"type": "origins:and",
			"conditions": [
				{
					"type": "origins:resource",
					"resource": "davwyndragon:armor_skin_toggle",
					"comparison": ">",
					"compare_to": 0
				},
				{
					"type": "origins:resource",
					"resource": "davwyndragon:option_toggle",
					"comparison": "==",
					"compare_to": 2
				}
			]
		}
	}
}
