{
  "hidden": true,
  "name": "Smallish",
  "description": "You're a bit on the small side.",
  "type": "origins:action_on_callback",
  "entity_action_added": {
    "type": "origins:and",
    "actions":[
      {
        "type": "origins:execute_command",
        "command": "scale set pehkui:hitbox_height 0.9 @s",
        "permission_level": 4
      },
      {
        "type": "origins:execute_command",
        "command": "scale set pehkui:interaction_hitbox_height 0.9 @s",
        "permission_level": 4
      },
      {
        "type": "origins:execute_command",
        "command": "scale set pehkui:eye_height 0.9 @s",
        "permission_level": 4
      },
      {
        "type": "origins:execute_command",
        "command": "scale set pehkui:step_height 2 @s",
        "permission_level": 4
      }
    ]
  },
  "entity_action_chosen": {
    "type": "origins:and",
    "actions":[
      {
        "type": "origins:execute_command",
        "command": "scale set pehkui:hitbox_height 0.9 @s",
        "permission_level": 4
      },
      {
        "type": "origins:execute_command",
        "command": "scale set pehkui:interaction_box_height 0.9 @s",
        "permission_level": 4
      },
      {
        "type": "origins:execute_command",
        "command": "scale set pehkui:eye_height 0.9 @s",
        "permission_level": 4
      },
      {
        "type": "origins:execute_command",
        "command": "scale set pehkui:step_height 2 @s",
        "permission_level": 4
      }
    ]
  },
  "entity_action_removed": {
    "type": "origins:execute_command",
    "command": "scale reset @s",
    "permission_level": 4
  },
  "entity_action_respawned": {
    "type": "origins:and",
    "actions":[
      {
        "type": "origins:execute_command",
        "command": "scale set pehkui:hitbox_height 0.9 @s",
        "permission_level": 4
      },
      {
        "type": "origins:execute_command",
        "command": "scale set pehkui:interaction_box_height 0.9 @s",
        "permission_level": 4
      },
      {
        "type": "origins:execute_command",
        "command": "scale set pehkui:eye_height 0.9 @s",
        "permission_level": 4
      },
      {
        "type": "origins:execute_command",
        "command": "scale set pehkui:step_height 2 @s",
        "permission_level": 4
      }
    ]
  },
  "execute_chosen_when_orb": true
}