{
	"hidden": true,
	"name": "Attach-Detach Back Items",
	"type": "origins:multiple",
	"attach_to_back": {
		"type": "origins:action_on_being_used",
		"item_condition": {
			"type": "origins:or",
			"conditions": [
				{
					"type": "origins:ingredient",
					"ingredient": {
						"item": "minecraft:chest"
					}
				},
				{
					"type": "origins:ingredient",
					"ingredient": {
						"item": "minecraft:trapped_chest"
					}
				},
				{
					"type": "origins:ingredient",
					"ingredient": {
						"item": "minecraft:ender_chest"
					}
				},
				{
					"type": "origins:ingredient",
					"ingredient": {
						"item": "minecraft:saddle"
					}
				},
				{
					"type": "origins:ingredient",
					"ingredient": {
						"item": "minecraft:crafting_table"
					}
				},
				{
					"type": "origins:ingredient",
					"ingredient": {
						"item": "minecraft:shield"
					}
				}
			]
		},
		"hands": ["main_hand"],
		"bientity_condition": {
			"type": "origins:and",
			"conditions": [
				{
					"type": "origins:target_condition",
					"condition": {
						"type": "origins:equipped_item",
						"equipment_slot": "offhand",
						"item_condition": {
							"type": "origins:empty"
						}
					}
				},
				{
					"type": "origins:actor_condition",
					"condition": {
						"type": "origins:sneaking",
						"inverted": true
					}
				}
			]
		},
		"bientity_action": {
			"type": "origins:side",
			"side": "server",
			"action": {
				"type": "origins:actor_action",
				"action": {
					"type": "origins:execute_command",
					"command": "execute as @s at @s unless data entity @p[tag=energizedragon,limit=1,sort=nearest] Inventory[{Slot:-106b}] run function davwyndragon:davwyn_place_on_dragon_back",
					"permission_level": 4
				}
			}
		}
	},
	"detach_from_back": {
		"type": "origins:action_on_being_used",
		"hands": ["main_hand"],
		"bientity_condition": {
			"type": "origins:and",
			"conditions": [
				{
					"type": "origins:actor_condition",
					"condition": {
						"type": "origins:sneaking"
					}
				},
				{
					"type": "origins:actor_condition",
					"condition": {
						"type": "origins:equipped_item",
						"equipment_slot": "mainhand",
						"item_condition": {
							"type": "origins:empty"
						}
					}
				},
				{
					"type": "origins:target_condition",
					"condition": {
						"type": "origins:or",
						"conditions": [
							{
								"type": "origins:equipped_item",
								"equipment_slot": "offhand",
								"item_condition": {
									"type": "origins:ingredient",
									"ingredient": {
										"item": "minecraft:chest"
									}
								}
							},
							{
								"type": "origins:equipped_item",
								"equipment_slot": "offhand",
								"item_condition": {
									"type": "origins:ingredient",
									"ingredient": {
										"item": "minecraft:trapped_chest"
									}
								}
							},
							{
								"type": "origins:equipped_item",
								"equipment_slot": "offhand",
								"item_condition": {
									"type": "origins:ingredient",
									"ingredient": {
										"item": "minecraft:ender_chest"
									}
								}
							},
							{
								"type": "origins:equipped_item",
								"equipment_slot": "offhand",
								"item_condition": {
									"type": "origins:ingredient",
									"ingredient": {
										"item": "minecraft:saddle"
									}
								}
							},
							{
								"type": "origins:equipped_item",
								"equipment_slot": "offhand",
								"item_condition": {
									"type": "origins:ingredient",
									"ingredient": {
										"item": "minecraft:crafting_table"
									}
								}
							},
							{
								"type": "origins:equipped_item",
								"equipment_slot": "offhand",
								"item_condition": {
									"type": "origins:ingredient",
									"ingredient": {
										"item": "minecraft:shield"
									}
								}
							}
						]
					}
				}
			]
		},
		"bientity_action": {
			"type": "origins:side",
			"side": "server",
			"action": {
				"type": "origins:actor_action",
				"action": {
					"type": "origins:execute_command",
					"command": "execute as @s at @s unless data entity @s SelectedItem run function davwyndragon:davwyn_take_from_dragon_back",
					"permission_level": 4
				}
			}
		}
	}
}