{
  "type": "origins:modify_break_speed",
  "block_condition": {
    "type": "origins:or",
    "conditions": [
      {
        "type": "origins:in_tag",
		"tag": "davwyndragon:davwyn_digable_shovel"
      },
	  {
        "type": "origins:in_tag",
        "tag": "minecraft:mineable/shovel"
      },
	  {
        "type": "origins:in_tag",
        "tag": "minecraft:sand"
      }
    ]	
  },
  "modifier": {
    "name": "Dragon digging claws dirt",
    "operation": "addition",
    "value": 0.2
  },
  "hidden": true
}