{
	"name": "Convert sand to crystal",
	"type": "origins:action_over_time",
	"entity_action": {
		"type": "origins:and",
		"actions": [
			{
				"type": "origins:modify_inventory",
				"inventory_type": "inventory",
				"slot": "weapon.offhand",
				"process_mode": "items",
				"limit": 1,
				"item_action": {
					"type": "origins:consume"
				},
				"item_condition": {
					"type": "origins:ingredient",
					"ingredient": {
						"tag": "minecraft:sand"
					}
				}
			},
			{
				"type": "origins:choice",
				"actions": [
					{
						"element": {
							"type": "origins:execute_command",
							"command": "function davwyndragon:davwyn_harvestcrystal_glass",
							"permission_level": 4
						},
						"weight": 45
					},
					{
						"element": {
							"type": "origins:execute_command",
							"command": "function davwyndragon:davwyn_harvestcrystal_tintedglass",
							"permission_level": 4
						},
						"weight": 25
					},
					{
						"element": {
							"type": "origins:execute_command",
							"command": "function davwyndragon:davwyn_harvestcrystal_amethyst",
							"permission_level": 4
						},
						"weight": 20
					},
					{
						"element": {
							"type": "origins:execute_command",
							"command": "function davwyndragon:davwyn_harvestcrystal_quartz",
							"permission_level": 4
						},
						"weight": 10
					}
				]
			}
		]
	},
	"interval": 40,
	"condition": {
		"type": "origins:inventory",
		"process_mode": "items",
		"comparison": ">=",
		"compare_to": 1,
		"slot": "weapon.offhand",
		"item_condition": {
			"type": "origins:ingredient",
			"ingredient": {
				"tag": "minecraft:sand"
			}
		}
	}
}