{
    "hidden": true,
    "name": "Carnivore Raw Meat",
    "description": "Eating raw meat is almost as good as cooked to you.",
    "type": "origins:modify_food",
    "item_condition": {
        "type": "origins:ingredient",
        "ingredient": {
            "tag": "davwyndragon:raw_meat"
        }
    },
    "food_modifier": {
        "operation": "addition",
        "value": 4,
        "name": "Increased food points"
    },
    "saturation_modifier": {
        "operation": "addition",
        "value": 2,
        "name": "Increased saturation points"
    }
}