{
	"hidden": true,
	"type": "origins:resource",
    "min": 0,
    "max": 100,
    "hud_render": {
        "should_render": true,
		"sprite_location": "davwyndragon:textures/resource_bar_1.png",
		"bar_index": 4,
		"condition":{
			"type": "origins:and",
			"conditions": [
				{
					"type": "origins:resource",
					"resource": "davwyndragon:skill_cycle",
					"comparison": "==",
					"compare_to": 0
				},
				{
					"type": "origins:resource",
					"resource": "davwyndragon:option_toggle",
					"comparison": "==",
					"compare_to": 0
				}
			]
		}
	}
}
