{
	"hidden": true,
	"type": "origins:action_over_time",
    "entity_action": {
		"type": "origins:side",
		"side": "server",
		"action": {
			"type": "origins:and",
			"actions": [
				{
					"type": "origins:if_else_list",
					"actions": [
						{
							"condition":{
								"type": "origins:and",
								"conditions": [
									{
										"type": "origins:relative_health",
										"comparison": "<",
										"compare_to": 1.0
									}
								]
							},
							"action": {
								"type": "origins:execute_command",
								"command": "function davwyndragon:healaura_effect_lv2",
								"permission_level": 5
							}
						}
					]
				},
				{
					"type": "origins:execute_command",
					"command": "execute run power revoke @s davwyndragon:entity_heal_aura_effect_lv2",
					"permission_level": 4
				}
			]
		}
    },
    "interval": 1
}