{
	"hidden": true,
	"type": "origins:resource",
    "min": 0,
    "max": 1,
    "hud_render": {
        "should_render": true,
		"sprite_location": "davwyndragon:textures/resource_bar_2.png",
		"bar_index": 0,
		"condition":{
			"type": "origins:and",
			"conditions": [
				{
					"type": "origins:or",
					"conditions": [
						{
							"type": "origins:resource",
							"resource": "davwyndragon:skill_cycle",
							"comparison": "==",
							"compare_to": 2
						},
						{
							"type": "origins:resource",
							"resource": "davwyndragon:healaura_toggle",
							"comparison": "==",
							"compare_to": 1
						}
					]
				},
				{
					"type": "origins:resource",
					"resource": "davwyndragon:option_toggle",
					"comparison": "==",
					"compare_to": 0
				}
			]
		}
	}
}
