{
	"hidden": true,
    "type": "origins:action_on_being_used",
    "item_condition": {
		"type": "origins:ingredient",
		"ingredient": {
			"item": "minecraft:emerald"
		}
	},
	"hands": ["main_hand"],
	"bientity_action": {
		"type": "origins:side",
		"side": "server",
		"action": {
			"type": "origins:and",
			"actions": [
				{
					"type": "origins:target_action",
					"action": {
						"type": "origins:and",
						"actions": [
							{
								"type": "origins:execute_command",
								"command": "function davwyndragon:lucky_effect",
								"permission_level": 4
							}
						]
					}
				},
				{
					"type": "origins:actor_action",
					"action": {
						"type": "origins:and",
						"actions": [
							{
								"type": "origins:execute_command",
								"command": "function davwyndragon:lucky_effect_target",
								"permission_level": 4
							},
							{
								"type": "origins:change_resource",
								"resource": "davwyndragon:lucky_emerald_hit_effect_resource",
								"operation":"set",
								"change": 2
							},
							{
								"type": "origins:apply_effect",
								"effects": [
									{
										"effect": "minecraft:hero_of_the_village",
										"duration": 200,
										"amplifier": 255,
										"is_ambient": false,
										"show_particles": false,
										"show_icon": true
									},
									{
										"effect": "minecraft:luck",
										"duration": 12000,
										"amplifier": 255,
										"is_ambient": false,
										"show_particles": false,
										"show_icon": true
									}
								]
							}
						]
					}
				}
			]
		}
	}
}
