{
	"hidden": true,
	"type": "origins:multiple",
	"hyper_energy_beam_charging":{
		"type": "origins:active_self",
		"entity_action": {
			"type": "origins:side",
			"side": "server",
			"action": {
				"type": "origins:and",
				"actions": [
					{
						"type": "origins:change_resource",
						"resource": "davwyndragon:hyperbeam_charge_over_delay",
						"operation":"set",
						"change": 20
					}
				]
			}
		},
		"hud_render": {
			"should_render": false
		},
		"key": {
			"key": "key.origins.primary_active",
			"continuous": true
		},
		"condition": {
			"type": "origins:and",
			"conditions": [
				{
					"type": "origins:resource",
					"resource": "davwyndragon:skill_cycle",
					"comparison": "==",
					"compare_to": 5
				},
				{
					"type": "origins:resource",
					"resource": "davwyndragon:ability_level_hyperbeam",
					"comparison": ">",
					"compare_to": 2
				},
				{
					"type": "origins:resource",
					"resource": "davwyndragon:mana_resource",
					"comparison": ">=",
					"compare_to": 5
				},
				{
					"type": "origins:resource",
					"resource": "davwyndragon:option_toggle",
					"comparison": "==",
					"compare_to": 0
				},
				{
					"type": "origins:resource",
					"resource": "davwyndragon:sleep_mode_resource",
					"comparison": "==",
					"compare_to": 0
				}
			]
		}
	},
	"hyper_energy_beam_active_damage_overtime":{
		"type": "origins:action_over_time",
		"entity_action": {
			"type": "origins:side",
			"side": "server",
			"action": {
				"type": "origins:if_else_list",
				"actions": [
					{
						"condition":{
							"type": "origins:and",
							"conditions": [
								{
									"type": "origins:resource",
									"resource": "davwyndragon:hyperbeam_charge",
									"comparison": "==",
									"compare_to": 100
								}
							]
						},
						"action": {
							"type": "origins:and",
							"actions": [
								{
									"type": "origins:change_resource",
									"resource": "davwyndragon:spark_light",
									"operation":"set",
									"change": 100
								},
								{
									"type": "origins:if_else_list",
									"actions": [
										{
											"condition":{
												"type": "origins:and",
												"conditions": [
													{
														"type": "origins:resource",
														"resource": "davwyndragon:hyperbeam_charge_power",
														"comparison": "<",
														"compare_to": 100
													}
												]
											},
											"action": {
												"type": "origins:and",
												"actions": [
													{
														"type": "origins:if_else_list",
														"actions": [
															{
																"condition":{
																	"type": "origins:and",
																	"conditions": [
																		{
																			"type": "origins:resource",
																			"resource": "davwyndragon:pvp_toggle",
																			"comparison": "==",
																			"compare_to": 0
																		}
																	]
																},
																"action": {
																	"type": "origins:and",
																	"actions": [
																		{
																			"type": "origins:change_resource",
																			"resource": "davwyndragon:mana_resource",
																			"operation":"add",
																			"change": -2
																		},
																		{
																			"type": "origins:if_else_list",
																			"actions": [
																				{
																					"condition":{
																						"type": "origins:and",
																						"conditions": [
																							{
																								"type": "origins:resource",
																								"resource": "davwyndragon:ability_level_hyperbeam",
																								"comparison": "==",
																								"compare_to": 3
																							}
																						]
																					},
																					"action": {
																						"type": "origins:and",
																						"actions": [
																							{
																								"type": "origins:execute_command",
																								"command": "function davwyndragon:hyperbeam_small_short",
																								"permission_level": 4
																							}

																						]
																					}
																				},
																				{
																					"condition":{
																						"type": "origins:and",
																						"conditions": [
																							{
																								"type": "origins:resource",
																								"resource": "davwyndragon:ability_level_hyperbeam",
																								"comparison": ">",
																								"compare_to": 3
																							}
																						]
																					},
																					"action": {
																						"type": "origins:and",
																						"actions": [
																							{
																								"type": "origins:execute_command",
																								"command": "function davwyndragon:hyperbeam_small",
																								"permission_level": 4
																							}
																						]
																					}
																				}
																			]
																		}
																	]
																}
															},
															{
																"condition":{
																	"type": "origins:and",
																	"conditions": [
																		{
																			"type": "origins:resource",
																			"resource": "davwyndragon:pvp_toggle",
																			"comparison": "==",
																			"compare_to": 1
																		}
																	]
																},
																"action": {
																	"type": "origins:and",
																	"actions": [
																		{
																			"type": "origins:change_resource",
																			"resource": "davwyndragon:mana_resource",
																			"operation":"add",
																			"change": -2
																		},
																		{
																			"type": "origins:if_else_list",
																			"actions": [
																				{
																					"condition":{
																						"type": "origins:and",
																						"conditions": [
																							{
																								"type": "origins:resource",
																								"resource": "davwyndragon:ability_level_hyperbeam",
																								"comparison": "==",
																								"compare_to": 3
																							}
																						]
																					},
																					"action": {
																						"type": "origins:and",
																						"actions": [
																							{
																								"type": "origins:execute_command",
																								"command": "function davwyndragon:hyperbeam_small_short_pvp",
																								"permission_level": 4
																							}

																						]
																					}
																				},
																				{
																					"condition":{
																						"type": "origins:and",
																						"conditions": [
																							{
																								"type": "origins:resource",
																								"resource": "davwyndragon:ability_level_hyperbeam",
																								"comparison": ">=",
																								"compare_to": 4
																							}
																						]
																					},
																					"action": {
																						"type": "origins:and",
																						"actions": [
																							{
																								"type": "origins:execute_command",
																								"command": "function davwyndragon:hyperbeam_small_pvp",
																								"permission_level": 4
																							}
																						]
																					}
																				}
																			]
																		}
																	]
																}
															}
														]
													}
												]
											}
										},
										{
											"condition":{
												"type": "origins:and",
												"conditions": [
													{
														"type": "origins:resource",
														"resource": "davwyndragon:hyperbeam_charge_power",
														"comparison": "==",
														"compare_to": 100
													}
												]
											},
											"action": {
												"type": "origins:and",
												"actions": [
													{
														"type": "origins:if_else_list",
														"actions": [
															{
																"condition":{
																	"type": "origins:and",
																	"conditions": [
																		{
																			"type": "origins:resource",
																			"resource": "davwyndragon:pvp_toggle",
																			"comparison": "==",
																			"compare_to": 0
																		}
																	]
																},
																"action": {
																	"type": "origins:and",
																	"actions": [
																		{
																			"type": "origins:change_resource",
																			"resource": "davwyndragon:mana_resource",
																			"operation":"add",
																			"change": -2
																		},
																		{
																			"type": "origins:if_else_list",
																			"actions": [
																				{
																					"condition":{
																						"type": "origins:and",
																						"conditions": [
																							{
																								"type": "origins:resource",
																								"resource": "davwyndragon:ability_level_hyperbeam",
																								"comparison": "<=",
																								"compare_to": 5
																							}
																						]
																					},
																					"action": {
																						"type": "origins:and",
																						"actions": [
																							{
																								"type": "origins:execute_command",
																								"command": "function davwyndragon:hyperbeam_medium",
																								"permission_level": 4
																							}

																						]
																					}
																				},
																				{
																					"condition":{
																						"type": "origins:and",
																						"conditions": [
																							{
																								"type": "origins:resource",
																								"resource": "davwyndragon:ability_level_hyperbeam",
																								"comparison": ">=",
																								"compare_to": 6
																							}
																						]
																					},
																					"action": {
																						"type": "origins:and",
																						"actions": [
																							{
																								"type": "origins:execute_command",
																								"command": "function davwyndragon:hyperbeam",
																								"permission_level": 4
																							}
																						]
																					}
																				}
																			]
																		}
																	]
																}
															},
															{
																"condition":{
																	"type": "origins:and",
																	"conditions": [
																		{
																			"type": "origins:resource",
																			"resource": "davwyndragon:pvp_toggle",
																			"comparison": "==",
																			"compare_to": 1
																		}
																	]
																},
																"action": {
																	"type": "origins:and",
																	"actions": [
																		{
																			"type": "origins:change_resource",
																			"resource": "davwyndragon:mana_resource",
																			"operation":"add",
																			"change": -2
																		},
																		{
																			"type": "origins:if_else_list",
																			"actions": [
																				{
																					"condition":{
																						"type": "origins:and",
																						"conditions": [
																							{
																								"type": "origins:resource",
																								"resource": "davwyndragon:ability_level_hyperbeam",
																								"comparison": "<=",
																								"compare_to": 5
																							}
																						]
																					},
																					"action": {
																						"type": "origins:and",
																						"actions": [
																							{
																								"type": "origins:execute_command",
																								"command": "function davwyndragon:hyperbeam_medium_pvp",
																								"permission_level": 4
																							}

																						]
																					}
																				},
																				{
																					"condition":{
																						"type": "origins:and",
																						"conditions": [
																							{
																								"type": "origins:resource",
																								"resource": "davwyndragon:ability_level_hyperbeam",
																								"comparison": ">=",
																								"compare_to": 6
																							}
																						]
																					},
																					"action": {
																						"type": "origins:and",
																						"actions": [
																							{
																								"type": "origins:execute_command",
																								"command": "function davwyndragon:hyperbeam_pvp",
																								"permission_level": 4
																							}
																						]
																					}
																				}
																			]
																		}
																	]
																}
															}
														]
													}
												]
											}
										}
									]
								}
							]
						}
					}
				]
			}
		},
		"interval": 5,
		"condition": {
			"type": "origins:and",
			"conditions": [
				{
					"type": "origins:resource",
					"resource": "davwyndragon:hyperbeam_charge",
					"comparison": ">",
					"compare_to": 0
				}
			]
		}
	},
	"hyper_energy_beam_system":{
		"type": "origins:action_over_time",
		"entity_action": {
			"type": "origins:side",
			"side": "server",
			"action": {
				"type": "origins:and",
				"actions": [
					{
						"type": "origins:if_else_list",
						"actions": [
							{
								"condition":{
									"type": "origins:and",
									"conditions": [
										{
											"type": "origins:resource",
											"resource": "davwyndragon:hyperbeam_charge",
											"comparison": "==",
											"compare_to": 100
										}
									]
								},
								"action": {
									"type": "origins:and",
									"actions": [
										{
											"type": "origins:if_else_list",
											"actions": [
												{
													"condition":{
														"type": "origins:and",
														"conditions": [
															{
																"type": "origins:resource",
																"resource": "davwyndragon:ability_level_hyperbeam",
																"comparison": ">=",
																"compare_to": 5
															},
															{
																"type": "origins:resource",
																"resource": "davwyndragon:ability_level_hyperbeam",
																"comparison": "<=",
																"compare_to": 6
															}
														]
													},
													"action": {
														"type": "origins:and",
														"actions": [
															{
																"type": "origins:change_resource",
																"resource": "davwyndragon:hyperbeam_charge_power",
																"operation":"add",
																"change": 1
															}
														]
													}
												},
												{
													"condition":{
														"type": "origins:and",
														"conditions": [
															{
																"type": "origins:resource",
																"resource": "davwyndragon:ability_level_hyperbeam",
																"comparison": "==",
																"compare_to": 7
															}
														]
													},
													"action": {
														"type": "origins:and",
														"actions": [
															{
																"type": "origins:change_resource",
																"resource": "davwyndragon:hyperbeam_charge_power",
																"operation":"add",
																"change": 3
															}
														]
													}
												}
											]
										}
									]
								}
							},
							{
								"condition":{
									"type": "origins:and",
									"conditions": [
										{
											"type": "origins:resource",
											"resource": "davwyndragon:hyperbeam_charge_power",
											"comparison": ">",
											"compare_to": 0
										}
									]
								},
								"action": {
									"type": "origins:and",
									"actions": [
										{
											"type": "origins:change_resource",
											"resource": "davwyndragon:hyperbeam_charge_power",
											"operation":"add",
											"change": -1
										}
									]
								}
							}
						]
					},
					{
						"type": "origins:if_else_list",
						"actions": [
							{
								"condition":{
									"type": "origins:or",
									"conditions": [
										{
											"type": "origins:resource",
											"resource": "davwyndragon:hyperbeam_charge_over_delay",
											"comparison": ">",
											"compare_to": 0
										}
									]
								},
								"action": {
									"type": "origins:and",
									"actions": [
										{
											"type": "origins:change_resource",
											"resource": "davwyndragon:hyperbeam_charge",
											"operation":"add",
											"change": 2
										},
										{
											"type": "origins:change_resource",
											"resource": "davwyndragon:hyperbeam_charge_over_delay",
											"operation":"add",
											"change": -1
										}
									]
								}
							},
							{
								"condition":{
									"type": "origins:and",
									"conditions": [
										{
											"type": "origins:resource",
											"resource": "davwyndragon:hyperbeam_charge_over_delay",
											"comparison": "==",
											"compare_to": 0
										},
										{
											"type": "origins:resource",
											"resource": "davwyndragon:hyperbeam_charge",
											"comparison": ">",
											"compare_to": 0
										}
									]
								},
								"action": {
									"type": "origins:and",
									"actions": [
										{
											"type": "origins:change_resource",
											"resource": "davwyndragon:hyperbeam_charge",
											"operation":"add",
											"change": -6
										},
										{
											"type": "origins:change_resource",
											"resource": "davwyndragon:hyperbeam_target_x_resource",
											"operation":"set",
											"change": 0
										},
										{
											"type": "origins:change_resource",
											"resource": "davwyndragon:hyperbeam_target_y_resource",
											"operation":"set",
											"change": 0
										},
										{
											"type": "origins:change_resource",
											"resource": "davwyndragon:hyperbeam_target_z_resource",
											"operation":"set",
											"change": 0
										}
									]
								}
							}
						]
					}
				]
			}
		},
		"interval": 1
	}
}