{
	"hidden": true,
	"type": "origins:multiple",
	"energy_shield_prevent_damage":{
		"type": "origins:modify_damage_taken",
		"self_action": {
			"type": "origins:side",
			"side": "server",
			"action": {
				"type": "origins:and",
				"actions": [
					{
						"type": "origins:if_else_list",
						"actions": [
							{
								"condition": {
									"type": "origins:and",
									"conditions": [
										{
											"type": "origins:resource",
											"resource": "davwyndragon:energyshield_damage_delay",
											"comparison": "==",
											"compare_to": 0
										}
									]
								},
								"action": {
									"type": "origins:and",
									"actions": [
										{
											"type": "origins:change_resource",
											"resource": "davwyndragon:energyshield_resource",
											"operation":"add",
											"change": -1
										},
										{
											"type": "origins:change_resource",
											"resource": "davwyndragon:energyshield_damage_delay",
											"operation":"set",
											"change": 10
										},
										{
											"type": "origins:execute_command",
											"command": "function davwyndragon:energy_shield_effect",
											"permission_level": 4
										}
									]
								}
							}
						]
					}
				]
			}
		},
		"modifier": {
			"name": "Energy Shield",
			"operation": "multiply_total_multiplicative",
			"value": -0.8
		},
		"condition": {
			"type": "origins:and",
			"conditions": [
				{
					"type": "origins:resource",
					"resource": "davwyndragon:energyshield_resource",
					"comparison": ">",
					"compare_to": 0
				},
				{
					"type": "origins:resource",
					"resource": "davwyndragon:energyshield_damage_delay",
					"comparison": "==",
					"compare_to": 0
				},
				{
					"type": "origins:equipped_item",
					"equipment_slot": "offhand",
					"item_condition": {
						"type": "origins:ingredient",
						"ingredient": {
							"item": "minecraft:shield"
						}
					},
					"inverted": true
				}
			]
		}
	},
	"energy_shield_prevent_damage_delay":{
		"type": "origins:modify_damage_taken",
		"self_action": {
			"type": "origins:side",
			"side": "server",
			"action": {
				"type": "origins:and",
				"actions": [
					{
						"type": "origins:if_else_list",
						"actions": [
							{
								"condition": {
									"type": "origins:and",
									"conditions": [
										{
											"type": "origins:resource",
											"resource": "davwyndragon:energyshield_damage_delay",
											"comparison": "==",
											"compare_to": 0
										}
									]
								},
								"action": {
									"type": "origins:and",
									"actions": [
										{
											"type": "origins:change_resource",
											"resource": "davwyndragon:energyshield_resource",
											"operation":"add",
											"change": -1
										},
										{
											"type": "origins:change_resource",
											"resource": "davwyndragon:energyshield_damage_delay",
											"operation":"set",
											"change": 10
										},
										{
											"type": "origins:execute_command",
											"command": "function davwyndragon:energy_shield_effect",
											"permission_level": 4
										}
									]
								}
							}
						]
					}
				]
			}
		},
		"modifier": {
			"name": "Passive Energy Shield Delay",
			"operation": "set_total",
			"value": 0
		},
		"condition": {
			"type": "origins:and",
			"conditions": [
				{
					"type": "origins:resource",
					"resource": "davwyndragon:energyshield_damage_delay",
					"comparison": ">",
					"compare_to": 0
				}
			]
		}
	},
	"passive_energyshield_system":{
		"type": "origins:action_over_time",
		"entity_action": {
			"type": "origins:side",
			"side": "server",
			"action": {
				"type": "origins:and",
				"actions": [
					{
						"type": "origins:if_else_list",
						"actions": [
							{
								"condition": {
									"type": "origins:and",
									"conditions": [
										{
											"type": "origins:resource",
											"resource": "davwyndragon:energyshield_damage_delay",
											"comparison": ">",
											"compare_to": 0
										}
									]
								},
								"action": {
									"type": "origins:and",
									"actions": [
										{
											"type": "origins:change_resource",
											"resource": "davwyndragon:energyshield_damage_delay",
											"operation":"add",
											"change": -1
										}
									]
								}
							}
						]
					},
					{
						"type": "origins:if_else_list",
						"actions": [
							{
								"condition": {
									"type": "origins:and",
									"conditions": [
										{
											"type": "origins:resource",
											"resource": "davwyndragon:energyshield_resource",
											"comparison": ">",
											"compare_to": 2
										},
										{
											"type": "origins:resource",
											"resource": "davwyndragon:ability_level_energy_shield",
											"comparison": "==",
											"compare_to": 6
										},
										{
											"type": "origins:resource",
											"resource": "davwyndragon:energyshield_decay_delay",
											"comparison": "<",
											"compare_to": 600
										}
									]
								},
								"action": {
									"type": "origins:and",
									"actions": [
										{
											"type": "origins:change_resource",
											"resource": "davwyndragon:energyshield_decay_delay",
											"operation":"add",
											"change": 1
										}
									]
								}
							},
							{
								"condition": {
									"type": "origins:and",
									"conditions": [
										{
											"type": "origins:resource",
											"resource": "davwyndragon:energyshield_resource",
											"comparison": ">",
											"compare_to": 2
										},
										{
											"type": "origins:resource",
											"resource": "davwyndragon:ability_level_energy_shield",
											"comparison": "==",
											"compare_to": 6
										}
									]
								},
								"action": {
									"type": "origins:and",
									"actions": [
										{
											"type": "origins:change_resource",
											"resource": "davwyndragon:energyshield_decay_delay",
											"operation":"set",
											"change": 0
										},
										{
											"type": "origins:change_resource",
											"resource": "davwyndragon:energyshield_resource",
											"operation":"add",
											"change": -1
										}
									]
								}
							},
							{
								"condition": {
									"type": "origins:and",
									"conditions": [
										{
											"type": "origins:resource",
											"resource": "davwyndragon:energyshield_resource",
											"comparison": ">",
											"compare_to": 2
										},
										{
											"type": "origins:resource",
											"resource": "davwyndragon:ability_level_energy_shield",
											"comparison": "<",
											"compare_to": 6
										}
									]
								},
								"action": {
									"type": "origins:and",
									"actions": [
										{
											"type": "origins:change_resource",
											"resource": "davwyndragon:energyshield_resource",
											"operation":"set",
											"change": 2
										}
									]
								}
							}
						]
					}
				]
			}
		},
		"interval": 1
	}
}