{
	"hidden": true,
	"type": "origins:multiple",
	"passive_hover_mode":{
		"type": "origins:action_over_time",
		"entity_action": {
			"type": "origins:and",
			"actions": [
				{
					"type": "origins:if_else_list",
					"actions": [
						{
							"condition":{
								"type": "origins:and",
								"conditions": [
									{
										"type": "origins:resource",
										"resource": "davwyndragon:hover_mode_resource",
										"comparison": "==",
										"compare_to": 1
									},
									{
										"type": "origins:or",
										"conditions": [
											{
												"type": "origins:submerged_in",
												"fluid": "minecraft:water"
											},
											{
												"type": "origins:submerged_in",
												"fluid": "minecraft:lava"
											},
											{
												"type": "origins:on_block"
											}
										]
									},
									{
										"type": "origins:riding",
										"inverted": true
									}
								]
							},
							"action": {
								"type": "origins:and",
								"actions": [
									{
										"type": "origins:change_resource",
										"resource": "davwyndragon:hover_mode_resource",
										"operation":"set",
										"change": 0
									}
								]
							}
						}
					]
				}
			]
		},
		"interval": 1
	},
	"passive_hover_mode_stamina_overtime":{
		"type": "origins:action_over_time",
		"entity_action": {
			"type": "origins:if_else_list",
			"actions": [
				{
					"condition":{
						"type": "origins:and",
						"conditions": [
							{
								"type": "origins:resource",
								"resource": "davwyndragon:hover_mode_resource",
								"comparison": "==",
								"compare_to": 1
							}
						]
					},
					"action": {
						"type": "origins:and",
						"actions": [
							{
								"type": "origins:if_else_list",
								"actions": [
									{
										"condition":{
											"type": "origins:and",
											"conditions": [
												{
													"type": "origins:resource",
													"resource": "davwyndragon:stamina_resource",
													"comparison": ">",
													"compare_to": 0
												}
											]
										},
										"action": {
											"type": "origins:and",
											"actions": [
												{
													"type": "origins:change_resource",
													"resource": "davwyndragon:stamina_resource",
													"change": -1
												},
												{
													"type": "origins:change_resource",
													"resource": "davwyndragon:stamina_resource_delay",
													"operation":"set",
													"change": 10
												}
											]
										}
									},
									{
										"condition":{
											"type": "origins:and",
											"conditions": [
												{
													"type": "origins:resource",
													"resource": "davwyndragon:stamina_resource",
													"comparison": "==",
													"compare_to": 0
												}
											]
										},
										"action": {
											"type": "origins:and",
											"actions": [
												{
													"type": "origins:change_resource",
													"resource": "davwyndragon:hover_mode_resource",
													"operation":"set",
													"change": 0
												}
											]
										}
									}
								]
							}
						]
					}
				}
			]
		},
		"interval": 10
	},
	"optimize_hover_speed":{
		"type": "origins:modify_velocity",
		"modifier": {
			"operation": "multiply_total",
			"value": 1.0
		},
		"axes": [
			"x",
			"z"
		],
		"condition": {
			"type": "origins:resource",
			"resource": "davwyndragon:hover_mode_resource",
			"comparison": "==",
			"compare_to": 1
		}
	},
	"hover_over_water":{
		"type": "origins:walk_on_fluid",
		"fluid": "minecraft:water",
		"condition": {
			"type": "origins:or",
			"conditions": [
				{
					"type": "origins:resource",
					"resource": "davwyndragon:hover_mode_resource",
					"comparison": "==",
					"compare_to": 1
				}
			]
		}
	},
	"hover_over_lava":{
		"type": "origins:walk_on_fluid",
		"fluid": "minecraft:lava",
		"condition": {
			"type": "origins:or",
			"conditions": [
				{
					"type": "origins:resource",
					"resource": "davwyndragon:hover_mode_resource",
					"comparison": "==",
					"compare_to": 1
				}
			]
		}
	},
	"taking_damage_while_hovering":{
		"type": "origins:self_action_when_hit",
		"entity_action": {
			"type": "origins:side",
			"side": "server",
			"action": {
				"type": "origins:and",
				"actions": [
					{
						"type": "origins:change_resource",
						"resource": "davwyndragon:stamina_resource",
						"change": -25
					}
				]
			}
		},
		"damage_condition": {
			"type": "origins:amount",
			"comparison": ">=",
			"compare_to": 2.0
		},
		"cooldown": 1,
		"condition": {
			"type": "origins:resource",
			"resource": "davwyndragon:hover_mode_resource",
			"comparison": "==",
			"compare_to": 1
		}
	}
}