{
	"hidden": true,
	"type": "origins:multiple",
	"shield_prevent_damage":{
		"type": "origins:modify_damage_taken",
		"self_action": {
			"type": "origins:side",
			"side": "server",
			"action": {
				"type": "origins:if_else_list",
				"actions": [
					{
						"condition": {
							"type": "origins:and",
							"conditions": [
								{
									"type": "origins:resource",
									"resource": "davwyndragon:energyshield_damage_delay",
									"comparison": "==",
									"compare_to": 0
								}
							]
						},
						"action": {
							"type": "origins:and",
							"actions": [
								{
									"type": "origins:change_resource",
									"resource": "davwyndragon:energyshield_damage_delay",
									"operation":"set",
									"change": 10
								},
								{
									"type": "origins:equipped_item_action",
									"equipment_slot": "offhand",
									"action": {
										"type": "origins:damage",
										"amount": 30,
										"ignore_unbreaking": false
									}
								},
								{
									"type": "origins:change_resource",
									"resource": "davwyndragon:shield_hit_effect_resource",
									"operation":"set",
									"change": 2
								}
							]
						}
					}
				]
			}
		},
		"modifier": {
			"name": "Passive Hold Shield",
			"operation": "multiply_total_multiplicative",
			"value": -0.9
		},
		"condition": {
			"type": "origins:and",
			"conditions": [
				{
					"type": "origins:resource",
					"resource": "davwyndragon:energyshield_damage_delay",
					"comparison": "==",
					"compare_to": 0
				},
				{
					"type": "origins:resource",
					"resource": "davwyndragon:energyshield_resource",
					"comparison": "==",
					"compare_to": 0
				},
				{
					"type": "origins:or",
					"conditions": [
						{
							"type": "origins:equipped_item",
							"equipment_slot": "offhand",
							"item_condition": {
								"type": "origins:ingredient",
								"ingredient": {
									"item": "minecraft:shield"
								}
							}
						}
					]
				}
			]
		}
	},
	"shield_prevent_damage_with_energy_shield":{
		"type": "origins:modify_damage_taken",
		"self_action": {
			"type": "origins:side",
			"side": "server",
			"action": {
				"type": "origins:if_else_list",
				"actions": [
					{
						"condition": {
							"type": "origins:and",
							"conditions": [
								{
									"type": "origins:resource",
									"resource": "davwyndragon:energyshield_damage_delay",
									"comparison": "==",
									"compare_to": 0
								}
							]
						},
						"action": {
							"type": "origins:and",
							"actions": [
								{
									"type": "origins:change_resource",
									"resource": "davwyndragon:energyshield_damage_delay",
									"operation":"set",
									"change": 10
								},
								{
									"type": "origins:change_resource",
									"resource": "davwyndragon:energyshield_resource",
									"operation":"add",
									"change": -1
								},
								{
									"type": "origins:execute_command",
									"command": "function davwyndragon:energy_shield_effect",
									"permission_level": 4
								},
								{
									"type": "origins:equipped_item_action",
									"equipment_slot": "offhand",
									"action": {
										"type": "origins:damage",
										"amount": 5,
										"ignore_unbreaking": false
									}
								},
								{
									"type": "origins:change_resource",
									"resource": "davwyndragon:shield_hit_effect_resource",
									"operation":"set",
									"change": 2
								}
							]
						}
					}
				]
			}
		},
		"modifier": {
			"name": "Passive Hold Shield With Energy Shield",
			"operation": "set_total",
			"value": 0
		},
		"condition": {
			"type": "origins:and",
			"conditions": [
				{
					"type": "origins:resource",
					"resource": "davwyndragon:energyshield_damage_delay",
					"comparison": "==",
					"compare_to": 0
				},
				{
					"type": "origins:resource",
					"resource": "davwyndragon:energyshield_resource",
					"comparison": ">",
					"compare_to": 0
				},
				{
					"type": "origins:or",
					"conditions": [
						{
							"type": "origins:equipped_item",
							"equipment_slot": "offhand",
							"item_condition": {
								"type": "origins:ingredient",
								"ingredient": {
									"item": "minecraft:shield"
								}
							}
						}
					]
				}
			]
		}
	},
	"passive_shield_hit_effect":{
		"type": "origins:action_over_time",
		"entity_action": {
			"type": "origins:side",
			"side": "server",
			"action": {
				"type": "origins:and",
				"actions": [
					{
						"type": "origins:change_resource",
						"resource": "davwyndragon:shield_hit_effect_resource",
						"operation":"add",
						"change": -1
					}
				]
			}
		},
		"interval": 1,
		"condition": {
			"type": "origins:and",
			"conditions": [
				{
					"type": "origins:resource",
					"resource": "davwyndragon:shield_hit_effect_resource",
					"comparison": ">",
					"compare_to": 0
				}
			]
		}
	},
	"shield_overtime_protection":{
		"hidden": true,
		"type": "origins:effect_immunity",
		"effects": [
			"minecraft:poison",
			"minecraft:wither"
		],
		"condition": {
			"type": "origins:and",
			"conditions": [
				{
					"type": "origins:equipped_item",
					"equipment_slot": "offhand",
					"item_condition": {
						"type": "origins:ingredient",
						"ingredient": {
							"item": "minecraft:shield"
						}
					}
				}
			]
		}
	},
	"shield_use_disabled":{
		"hidden": true,
		"type": "origins:prevent_item_use",
		"item_condition": {
			"type": "origins:ingredient",
			"ingredient": {
				"item": "minecraft:shield"
			}
		}
	}
}