{
	"hidden": true,
	"type": "origins:multiple",
	"energy_shot_charging":{
		"type": "origins:active_self",
		"entity_action": {
			"type": "origins:side",
			"side": "server",
			"action": {
				"type": "origins:and",
				"actions": [
					{
						"type": "origins:change_resource",
						"resource": "davwyndragon:energyshot_charge_over_delay",
						"operation":"set",
						"change": 3
					}
				]
			}
		},
		"hud_render": {
			"should_render": false
		},
		"key": {
			"key": "key.origins.primary_active",
			"continuous": true
		},
		"condition": {
			"type": "origins:and",
			"conditions": [
				{
					"type": "origins:resource",
					"resource": "davwyndragon:skill_cycle",
					"comparison": "==",
					"compare_to": 0
				},
				{
					"type": "origins:resource",
					"resource": "davwyndragon:option_toggle",
					"comparison": "==",
					"compare_to": 0
				},
				{
					"type": "origins:resource",
					"resource": "davwyndragon:ability_level_energyshot",
					"comparison": ">",
					"compare_to": 2
				},
				{
					"type": "origins:resource",
					"resource": "davwyndragon:sleep_mode_resource",
					"comparison": "==",
					"compare_to": 0
				}
			]
		}
	},
	"energy_shot_system":{
		"type": "origins:action_over_time",
		"entity_action": {
			"type": "origins:side",
			"side": "server",
			"action": {
				"type": "origins:and",
				"actions": [
					{
						"type": "origins:if_else_list",
						"actions": [
							{
								"condition":{
									"type": "origins:and",
									"conditions": [
										{
											"type": "origins:resource",
											"resource": "davwyndragon:energyshot_charge",
											"comparison": ">",
											"compare_to": 0
										}
									]
								},
								"action": {
									"type": "origins:and",
									"actions": [
										{
											"type": "origins:if_else_list",
											"actions": [
												{
													"condition":{
														"type": "origins:and",
														"conditions": [
															{
																"type": "origins:resource",
																"resource": "davwyndragon:energyshot_step",
																"comparison": "==",
																"compare_to": 16
															}
														]
													},
													"action": {
														"type": "origins:and",
														"actions": [
															{
																"type": "origins:if_else_list",
																"actions": [
																	{
																		"condition":{
																			"type": "origins:and",
																			"conditions": [
																				{
																					"type": "origins:resource",
																					"resource": "davwyndragon:pvp_toggle",
																					"comparison": "==",
																					"compare_to": 0
																				}
																			]
																		},
																		"action": {
																			"type": "origins:and",
																			"actions": [
																				{
																					"type": "origins:execute_command",
																					"command": "function davwyndragon:energyshot_shoot",
																					"permission_level": 4
																				}
																			]
																		}
																	},
																	{
																		"condition":{
																			"type": "origins:and",
																			"conditions": [
																				{
																					"type": "origins:resource",
																					"resource": "davwyndragon:pvp_toggle",
																					"comparison": "==",
																					"compare_to": 1
																				}
																			]
																		},
																		"action": {
																			"type": "origins:and",
																			"actions": [
																				{
																					"type": "origins:execute_command",
																					"command": "function davwyndragon:energyshot_shoot_pvp",
																					"permission_level": 4
																				}
																			]
																		}
																	}
																]
															},
															{
																"type": "origins:change_resource",
																"resource": "davwyndragon:energyshot_step",
																"operation":"set",
																"change": 0
															}
														]
													}
												}
											]
										}
									]
								}
							}
						]
					},
					{
						"type": "origins:if_else_list",
						"actions": [
							{
								"condition":{
									"type": "origins:or",
									"conditions": [
										{
											"type": "origins:resource",
											"resource": "davwyndragon:energyshot_charge",
											"comparison": ">",
											"compare_to": 0
										}
									]
								},
								"action": {
									"type": "origins:and",
									"actions": [
										{
											"type": "origins:if_else_list",
											"actions": [
												{
													"condition":{
														"type": "origins:or",
														"conditions": [
															{
																"type": "origins:resource",
																"resource": "davwyndragon:energyshot_charge",
																"comparison": ">=",
																"compare_to": 100
															}
														]
													},
													"action": {
														"type": "origins:and",
														"actions": [
															{
																"type": "origins:change_resource",
																"resource": "davwyndragon:energyshot_step",
																"operation":"add",
																"change": 16
															}
														]
													}
												},
												{
													"condition":{
														"type": "origins:or",
														"conditions": [
															{
																"type": "origins:resource",
																"resource": "davwyndragon:energyshot_charge",
																"comparison": ">=",
																"compare_to": 75
															}
														]
													},
													"action": {
														"type": "origins:and",
														"actions": [
															{
																"type": "origins:change_resource",
																"resource": "davwyndragon:energyshot_step",
																"operation":"add",
																"change": 8
															}
														]
													}
												},
												{
													"condition":{
														"type": "origins:or",
														"conditions": [
															{
																"type": "origins:resource",
																"resource": "davwyndragon:energyshot_charge",
																"comparison": ">=",
																"compare_to": 50
															}
														]
													},
													"action": {
														"type": "origins:and",
														"actions": [
															{
																"type": "origins:change_resource",
																"resource": "davwyndragon:energyshot_step",
																"operation":"add",
																"change": 4
															}
														]
													}
												},
												{
													"condition":{
														"type": "origins:or",
														"conditions": [
															{
																"type": "origins:resource",
																"resource": "davwyndragon:energyshot_charge",
																"comparison": ">=",
																"compare_to": 25
															}
														]
													},
													"action": {
														"type": "origins:and",
														"actions": [
															{
																"type": "origins:change_resource",
																"resource": "davwyndragon:energyshot_step",
																"operation":"add",
																"change": 2
															}
														]
													}
												},
												{
													"condition":{
														"type": "origins:or",
														"conditions": [
															{
																"type": "origins:resource",
																"resource": "davwyndragon:energyshot_charge",
																"comparison": ">=",
																"compare_to": 0
															}
														]
													},
													"action": {
														"type": "origins:and",
														"actions": [
															{
																"type": "origins:change_resource",
																"resource": "davwyndragon:energyshot_step",
																"operation":"add",
																"change": 1
															}
														]
													}
												}
											]
										}
									]
								}
							}
						]
					}
				]
			}
		},
		"interval": 5
	},
	"energy_shot_charge_level":{
		"type": "origins:action_over_time",
		"entity_action": {
			"type": "origins:side",
			"side": "server",
			"action": {
				"type": "origins:and",
				"actions": [
					{
						"type": "origins:if_else_list",
						"actions": [
							{
								"condition":{
									"type": "origins:or",
									"conditions": [
										{
											"type": "origins:resource",
											"resource": "davwyndragon:energyshot_charge_over_delay",
											"comparison": ">",
											"compare_to": 0
										}
									]
								},
								"action": {
									"type": "origins:and",
									"actions": [
										{
											"type": "origins:if_else_list",
											"actions": [
												{
													"condition":{
														"type": "origins:or",
														"conditions": [
															{
																"type": "origins:resource",
																"resource": "davwyndragon:ability_level_energyshot",
																"comparison": ">=",
																"compare_to": 7
															}
														]
													},
													"action": {
														"type": "origins:and",
														"actions": [
															{
																"type": "origins:change_resource",
																"resource": "davwyndragon:energyshot_charge",
																"operation":"add",
																"change": 40
															}
														]
													}
												},
												{
													"condition":{
														"type": "origins:or",
														"conditions": [
															{
																"type": "origins:resource",
																"resource": "davwyndragon:ability_level_energyshot",
																"comparison": ">=",
																"compare_to": 6
															}
														]
													},
													"action": {
														"type": "origins:and",
														"actions": [
															{
																"type": "origins:change_resource",
																"resource": "davwyndragon:energyshot_charge",
																"operation":"add",
																"change": 5
															}
														]
													}
												},
												{
													"condition":{
														"type": "origins:or",
														"conditions": [
															{
																"type": "origins:resource",
																"resource": "davwyndragon:ability_level_energyshot",
																"comparison": ">=",
																"compare_to": 5
															}
														]
													},
													"action": {
														"type": "origins:and",
														"actions": [
															{
																"type": "origins:change_resource",
																"resource": "davwyndragon:energyshot_charge",
																"operation":"add",
																"change": 3
															}
														]
													}
												},
												{
													"condition":{
														"type": "origins:or",
														"conditions": [
															{
																"type": "origins:resource",
																"resource": "davwyndragon:ability_level_energyshot",
																"comparison": ">=",
																"compare_to": 4
															}
														]
													},
													"action": {
														"type": "origins:and",
														"actions": [
															{
																"type": "origins:change_resource",
																"resource": "davwyndragon:energyshot_charge",
																"operation":"add",
																"change": 2
															}
														]
													}
												},
												{
													"condition":{
														"type": "origins:or",
														"conditions": [
															{
																"type": "origins:resource",
																"resource": "davwyndragon:ability_level_energyshot",
																"comparison": ">=",
																"compare_to": 3
															}
														]
													},
													"action": {
														"type": "origins:and",
														"actions": [
															{
																"type": "origins:change_resource",
																"resource": "davwyndragon:energyshot_charge",
																"operation":"add",
																"change": 1
															}
														]
													}
												}
											]
										},
										{
											"type": "origins:change_resource",
											"resource": "davwyndragon:energyshot_charge_over_delay",
											"operation":"add",
											"change": -1
										}
									]
								}
							},
							{
								"condition":{
									"type": "origins:and",
									"conditions": [
										{
											"type": "origins:resource",
											"resource": "davwyndragon:energyshot_charge",
											"comparison": ">",
											"compare_to": 0
										},
										{
											"type": "origins:resource",
											"resource": "davwyndragon:energyshot_charge_over_delay",
											"comparison": "==",
											"compare_to": 0
										}
									]
								},
								"action": {
									"type": "origins:and",
									"actions": [
										{
											"type": "origins:change_resource",
											"resource": "davwyndragon:energyshot_charge",
											"operation":"add",
											"change": -20
										},
										{
											"type": "origins:change_resource",
											"resource": "davwyndragon:energyshot_target_x_resource",
											"operation":"set",
											"change": 0
										},
										{
											"type": "origins:change_resource",
											"resource": "davwyndragon:energyshot_target_y_resource",
											"operation":"set",
											"change": 0
										},
										{
											"type": "origins:change_resource",
											"resource": "davwyndragon:energyshot_target_z_resource",
											"operation":"set",
											"change": 0
										},
										{
											"type": "origins:change_resource",
											"resource": "davwyndragon:energyshot_step",
											"operation":"set",
											"change": 0
										}
									]
								}
							}
						]
					}
				]
			}
		},
		"interval": 10
	},
	"energy_shot_shoot_tracking":{
		"type": "origins:action_over_time",
		"entity_action": {
			"type": "origins:side",
			"side": "server",
			"action": {
				"type": "origins:and",
				"actions": [
					{
						"type": "origins:change_resource",
						"resource": "davwyndragon:energyshot_shoot_tracking",
						"operation":"add",
						"change": -1
					}
				]
			}
		},
		"interval": 1,
		"condition": {
			"type": "origins:and",
			"conditions": [
				{
					"type": "origins:resource",
					"resource": "davwyndragon:energyshot_shoot_tracking",
					"comparison": ">",
					"compare_to": 0
				}
			]
		}
	}
}