{
	"hidden": true,
	"type": "origins:multiple",
	"lucky_emerald_hit_sound":{
		"type": "origins:action_over_time",
		"entity_action": {
			"type": "origins:side",
			"side": "server",
			"action": {
				"type": "origins:and",
				"actions": [
					{
						"type": "origins:if_else_list",
						"actions": [
							{
								"condition": {
									"type": "origins:and",
									"conditions": [
										{
											"type": "origins:resource",
											"resource": "davwyndragon:lucky_emerald_hit_effect_resource",
											"comparison": ">",
											"compare_to": 0
										}
									]
								},
								"action": {
									"type": "origins:and",
									"actions": [
										{
											"type": "origins:change_resource",
											"resource": "davwyndragon:lucky_emerald_hit_effect_resource",
											"operation":"add",
											"change": -1
										}
									]
								}
							}
						]
					}
				]
			}
		},
		"interval": 1
	}
}