{
	"hidden": true,
	"type": "origins:resource",
    "min": 0,
    "max": 7,
	"start_value": 1,
    "hud_render": {
        "should_render": true,
		"sprite_location": "davwyndragon:textures/resource_bar_6.png",
		"bar_index": 3,
		"condition":{
			"type": "origins:and",
			"conditions": [
				{
					"type": "origins:resource",
					"resource": "davwyndragon:option_toggle",
					"comparison": "==",
					"compare_to": 2
				},
				{
					"type": "origins:resource",
					"resource": "davwyndragon:option_toggle_menu",
					"comparison": "==",
					"compare_to": 4
				}
			]
		}
	}
}
