{
	"hidden": true,
	"type": "origins:prevent_sprinting",
    "condition": {
		"type": "origins:or",
		"conditions": [
			{
				"type": "origins:resource",
				"resource": "davwyndragon:ability_level_movement_trick",
				"comparison": "<=",
				"compare_to": 2
			},
			{
				"type": "origins:resource",
				"resource": "davwyndragon:hyperbeam_charge",
				"comparison": ">",
				"compare_to": 0
			},
			{
				"type": "origins:sneaking"
			},
			{
				"type": "origins:resource",
				"resource": "davwyndragon:stamina_resource",
				"comparison": "<=",
				"compare_to": 2
			},
			{
				"type": "origins:and",
				"conditions": [
					{
						"type": "origins:on_block"
					},
					{
						"type": "origins:or",
						"conditions": [
							{
								"type": "origins:submerged_in",
								"fluid": "minecraft:water"
							},
							{
								"type": "origins:submerged_in",
								"fluid": "minecraft:lava"
							}
						]
					}
				]
			}
		]
    }
}