{
	"hidden": false,
	"name": "Toggle Climbing",
    "description": "Once you gain ability to climb you can toggle it on and off by sneaking and jumping.",
	"type": "origins:multiple",
	"climb_toggle": {
	  "type": "origins:toggle",
	  "active_by_default": true,
	  "retain_state": true,
	  "key": {
	    "key": "key.pickItem",
	    "continuous": false
	  }
	},
	"passive_climb": {
    	"type": "origins:climbing",
		"allow_holding": true,
		"hold_condition": {
			"type": "origins:and",
			"conditions": [
				{
    	  		  "type": "origins:power_active",
    	  		  "power": "*:*_climb_toggle"
    	  		},
				{
					"type": "origins:on_block",
					"inverted": true
				},
				{
					"type": "origins:resource",
					"resource": "davwyndragon:hover_mode_resource",
					"comparison": "==",
					"compare_to": 0
				},
				{
					"type": "origins:resource",
					"resource": "davwyndragon:ability_level_movement_trick",
					"comparison": ">=",
					"compare_to": 4
				},
				{
					"type": "origins:or",
					"conditions": [
						{
							"type": "origins:block_collision",
							"offset_x": 0.1,
							"offset_y": 0,
							"offset_z": 0
						},
						{
							"type": "origins:block_collision",
							"offset_x": 0.1,
							"offset_y": 0,
							"offset_z": 0.1
						},
						{
							"type": "origins:block_collision",
							"offset_x": 0,
							"offset_y": 0,
							"offset_z": 0.1
						},
						{
							"type": "origins:block_collision",
							"offset_x": -0.1,
							"offset_y": 0,
							"offset_z": 0.1
						},
						{
							"type": "origins:block_collision",
							"offset_x": -0.1,
							"offset_y": 0,
							"offset_z": 0.0
						},
						{
							"type": "origins:block_collision",
							"offset_x": -0.1,
							"offset_y": 0,
							"offset_z": -0.1
						},
						{
							"type": "origins:block_collision",
							"offset_x": 0.0,
							"offset_y": 0,
							"offset_z": -0.1
						},
						{
							"type": "origins:block_collision",
							"offset_x": 0.1,
							"offset_y": 0,
							"offset_z": -0.1
						}
					]
				}
			]
		},
		"condition": {
			"type": "origins:and",
			"conditions": [
				{
    	  		  "type": "origins:power_active",
    	  		  "power": "*:*_climb_toggle"
    	  		},
				{
					"type": "origins:on_block",
					"inverted": true
				},
				{
					"type": "origins:resource",
					"resource": "davwyndragon:hover_mode_resource",
					"comparison": "==",
					"compare_to": 0
				},
				{
					"type": "origins:resource",
					"resource": "davwyndragon:ability_level_movement_trick",
					"comparison": ">=",
					"compare_to": 4
				},
				{
					"type": "origins:or",
					"conditions": [
						{
							"type": "origins:block_collision",
							"offset_x": 0.1,
							"offset_y": 0,
							"offset_z": 0
						},
						{
							"type": "origins:block_collision",
							"offset_x": 0.1,
							"offset_y": 0,
							"offset_z": 0.1
						},
						{
							"type": "origins:block_collision",
							"offset_x": 0,
							"offset_y": 0,
							"offset_z": 0.1
						},
						{
							"type": "origins:block_collision",
							"offset_x": -0.1,
							"offset_y": 0,
							"offset_z": 0.1
						},
						{
							"type": "origins:block_collision",
							"offset_x": -0.1,
							"offset_y": 0,
							"offset_z": 0.0
						},
						{
							"type": "origins:block_collision",
							"offset_x": -0.1,
							"offset_y": 0,
							"offset_z": -0.1
						},
						{
							"type": "origins:block_collision",
							"offset_x": 0.0,
							"offset_y": 0,
							"offset_z": -0.1
						},
						{
							"type": "origins:block_collision",
							"offset_x": 0.1,
							"offset_y": 0,
							"offset_z": -0.1
						}
					]
				}
			]
		}
	}
}