{
  "replace": false,
  
  "values": [
    "minecraft:item",
    "minecraft:armor_stand",
    "minecraft:marker",
    "minecraft:bat",
    "minecraft:iron_golem",
    "minecraft:snow_golem",
    "minecraft:squid",
    "minecraft:glow_squid",
    "minecraft:villager",
    "minecraft:wandering_trader",
    "minecraft:trader_llama",
    "minecraft:bee",
    "minecraft:camel",
    "minecraft:cat",
    "minecraft:chicken",
    "minecraft:cow",
    "minecraft:mooshroom",
    "minecraft:cod",
    "minecraft:salmon",
    "minecraft:donkey",
    "minecraft:fox",
    "minecraft:goat",
    "minecraft:horse",
    "minecraft:llama",
    "minecraft:mule",
    "minecraft:ocelot",
    "minecraft:parrot",
    "minecraft:pig",
    "minecraft:rabbit",
    "minecraft:sheep",
    "minecraft:skeleton_horse",
    "minecraft:strider",
    "minecraft:villager",
    "minecraft:wolf",
    "minecraft:strider",
    "minecraft:piglin",
    "minecraft:zombified_piglin",
    {"id": "#minecraft:can_equip_harness", "required": false},
    {"id": "#minecraft:can_equip_saddle", "required": false},
    {"id": "#minecraft:followable_friendly_mobs", "required": false},
    {"id": "#minecraft:arrows", "required": false},
    {"id": "minecraft:armadillo", "required": false},
    {"id": "minecraft:happy_ghast", "required": false},
    {"id": "minecraft:sniffer", "required": false},
    {"id": "minecraft:panda", "required": false},
    {"id": "minecraft:polar_bear", "required": false},
    {"id": "minecraft:allay", "required": false},
    {"id": "minecraft:axolotl", "required": false},
    {"id": "minecraft:copper_golem", "required": false},
    {"id": "minecraft:frog", "required": false},
    {"id": "minecraft:tadpole", "required": false},
    {"id": "minecraft:tropical_fish", "required": false},
    {"id": "minecraft:turtle", "required": false},
    {"id": "minecraft:zombie_horse", "required": false},
    {"id": "minecraft:camel_husk", "required": false},
    {"id": "minecraft:dolphin", "required": false},
    {"id": "minecraft:nautilus", "required": false},
    {"id": "minecraft:mannequin", "required": false},
    {"id": "environmental:duck", "required": false},
    {"id": "environmental:deer", "required": false},
    {"id": "environmental:koi", "required": false},
    {"id": "environmental:reindeer", "required": false},
    {"id": "environmental:tapir", "required": false},
    {"id": "environmental:pinecone_golem", "required": false},
    {"id": "environmental:yak", "required": false},
    {"id": "environmental:zebra", "required": false},
    {"id": "environmental:zonkey", "required": false},
    {"id": "environmental:zorse", "required": false},
    {"id": "pet_cemetery:skeleton_cat", "required": false},
    {"id": "pet_cemetery:skeleton_parrot", "required": false},
    {"id": "pet_cemetery:skeleton_wolf", "required": false},
    {"id": "pet_cemetery:zombie_cat", "required": false},
    {"id": "pet_cemetery:zombie_parrot", "required": false},
    {"id": "pet_cemetery:zombie_wolf", "required": false},
    {"id": "kobolds:kobold", "required": false},
    {"id": "kobolds:kobold_warrior", "required": false},
    {"id": "kobolds:kobold_enchanter", "required": false},
    {"id": "kobolds:kobold_pirate", "required": false},
    {"id": "kobolds:kobold_engineer", "required": false},
    {"id": "kobolds:kobold_rascal", "required": false},
    {"id": "kobolds:kobold_child", "required": false},
    {"id": "kobolds:kobold_captain", "required": false},
    {"id": "fennecfox:fennecfox", "required": false},
    {"id": "quark:totem", "required": false},
    {"id": "quark:stoneling", "required": false},
    {"id": "quark:crab", "required": false},
    {"id": "quark:foxhound", "required": false},
    {"id": "quark:toretoise", "required": false},
    {"id": "quark:shiba", "required": false},
    {"id": "yungscavebiomes:sand_snapper", "required": false},
    {"id": "aquamirae:golden_moth", "required": false},
    {"id": "biomeswevegone:oddion", "required": false},
    {"id": "biomeswevegone:pumpkin_warden", "required": false},
    {"id": "biomeswevegone:wreath", "required": false},
    {"id": "alexscaves:subterranodon", "required": false},
    {"id": "alexscaves:grottoceratops", "required": false},
    {"id": "alexscaves:trilocaris", "required": false},
    {"id": "alexscaves:relicheirus", "required": false},
    {"id": "alexscaves:atlatitan", "required": false},
    {"id": "alexscaves:raycat", "required": false},
    {"id": "alexscaves:tremorzilla", "required": false},
    {"id": "alexscaves:lanternfish", "required": false},
    {"id": "alexscaves:sea_pig", "required": false},
    {"id": "alexscaves:gossamer_worm", "required": false},
    {"id": "alexscaves:tripodfish", "required": false},
    {"id": "alexscaves:gloomoth", "required": false},
    {"id": "alexscaves:sweetish_fish", "required": false},
    {"id": "alexscaves:candicorn", "required": false},
    {"id": "alexscaves:gum_worm", "required": false},
    {"id": "alexscaves:gummy_bear", "required": false},
    {"id": "alexscaves:gingerbread_man", "required": false},
    {"id": "irons_spellbooks:apothecarist", "required": false},
    {"id": "irons_spellbooks:priest", "required": false},
    {"id": "irons_spellbooks:pyromancer", "required": false},
    {"id": "betterend:dragonfly", "required": false},
    {"id": "betterend:end_fish", "required": false},
    {"id": "betterend:silk_moth", "required": false},
    {"id": "betternether:firefly", "required": false},
    {"id": "betternether:flying_pig", "required": false},
    {"id": "betternether:hydrogen_jellyfish", "required": false}
  ]
}