{
  "replace": false,
  "values": [
    "#davwyndragon:raw_meat",
    {"id": "#origins:meat", "required": false},
    "minecraft:cooked_chicken",
    "minecraft:cooked_rabbit",
    "minecraft:rabbit_stew",
    "minecraft:cooked_porkchop",
    "minecraft:cooked_cod",
    "minecraft:cooked_beef",
    "minecraft:cooked_mutton",
    "minecraft:cooked_salmon",
    {"id": "farmersdelight:beef_patty", "required": false},
    {"id": "#c:foods/cooked_meats", "required": false},
    {"id": "#c:foods/cooked_fishes", "required": false},
    {"id": "farmersdelight:cooked_rice", "required": false},
    {"id": "farmersdelight:bone_broth", "required": false},
    {"id": "farmersdelight:beef_stew", "required": false},
    {"id": "farmersdelight:fish_stew", "required": false},
    {"id": "farmersdelight:chicken_soup", "required": false},
    {"id": "farmersdelight:fried_rice", "required": false},
    {"id": "farmersdelight:baked_cod_stew", "required": false},
    {"id": "farmersdelight:steak_and_potatoes", "required": false},
    {"id": "farmersdelight:mushroom_rice", "required": false},
    {"id": "farmersdelight:roasted_mutton_chops", "required": false},
    {"id": "farmersdelight:grilled_salmon", "required": false},
    {"id": "farmersdelight:roast_chicken", "required": false},
    {"id": "farmersdelight:honey_glazed_ham", "required": false},
    {"id": "farmersdelight:shepherds_pie", "required": false},
    {"id": "farmersdelight:cooked_chicken_cuts", "required": false},
    {"id": "farmersdelight:cooked_bacon", "required": false},
    {"id": "farmersdelight:cooked_cod_slice", "required": false},
    {"id": "farmersdelight:cooked_salmon_slice", "required": false},
    {"id": "farmersdelight:cooked_mutton_chops", "required": false},
    {"id": "farmersdelight:smoked_ham", "required": false},
    {"id": "farmersdelight:barbecue_stick", "required": false},
    {"id": "farmersdelight:salmon_roll", "required": false},
    {"id": "farmersdelight:cod_roll", "required": false},
    {"id": "farmersdelight:dog_food", "required": false},
    {"id": "betterend:end_fish_cooked", "required": false},
    {"id": "ogm:goldensteak", "required": false},
    {"id": "ogm:enchanted_golden_steak", "required": false},
    {"id": "ogm:golden_mutton", "required": false}
  ]
}