{
  "replace": false,
  "values": [
    "minecraft:rotten_flesh",
    "minecraft:cod",
    "minecraft:tropical_fish",
    "minecraft:pufferfish",
    "minecraft:salmon",
    "minecraft:beef",
    "minecraft:porkchop",
    "minecraft:mutton",
    "minecraft:chicken",
    "minecraft:rabbit",
    "minecraft:spider_eye",
    {"id": "#alexscaves:raw_meats", "required": false},
    {"id": "#origins-plus-plus-modded-support:raw_meat", "required": false},
    {"id": "#c:foods/raw_meats", "required": false},
    {"id": "#c:foods/raw_fishes", "required": false},
    {"id": "farmersdelight:minced_beef", "required": false},
    {"id": "farmersdelight:chicken_cuts", "required": false},
    {"id": "farmersdelight:bacon", "required": false},
    {"id": "farmersdelight:cod_slice", "required": false},
    {"id": "farmersdelight:salmon_slice", "required": false},
    {"id": "farmersdelight:mutton_chops", "required": false},
    {"id": "farmersdelight:ham", "required": false},
    {"id": "betterend:end_fish_raw", "required": false}
  ]
}